{
  "test_scores": {
    "ACCURACY": {
      "scores": [
        0.9285714285714286,
        0.8888888888888888,
        1.0,
        0.8518518518518519,
        0.9629629629629629
      ],
      "mean": 0.9264550264550264,
      "std": 0.052388968442271165,
      "min": 0.8518518518518519,
      "max": 1.0
    },
    "F1": {
      "scores": [
        0.9306389222355609,
        0.8827350427350427,
        1.0,
        0.8492374727668845,
        0.9626102292768961
      ],
      "mean": 0.9250443334028768,
      "std": 0.05403259036608105,
      "min": 0.8492374727668845,
      "max": 1.0
    },
    "PRECISION": {
      "scores": [
        0.9428571428571428,
        0.9126984126984127,
        1.0,
        0.8506760728982952,
        0.9663299663299663
      ],
      "mean": 0.9345123189567633,
      "std": 0.05074445348634402,
      "min": 0.8506760728982952,
      "max": 1.0
    },
    "RECALL": {
      "scores": [
        0.9285714285714286,
        0.8888888888888888,
        1.0,
        0.8518518518518519,
        0.9629629629629629
      ],
      "mean": 0.9264550264550264,
      "std": 0.052388968442271165,
      "min": 0.8518518518518519,
      "max": 1.0
    }
  },
  "train_scores": {
    "ACCURACY": {
      "scores": [
        0.9907407407407407,
        0.9908256880733946,
        0.9908256880733946,
        0.9908256880733946,
        1.0
      ],
      "mean": 0.992643560992185,
      "std": 0.00367836663837698,
      "min": 0.9907407407407407,
      "max": 1.0
    },
    "F1": {
      "scores": [
        0.9907553734594999,
        0.9908382020538571,
        0.9908382020538571,
        0.9908099489896296,
        1.0
      ],
      "mean": 0.9926483453113688,
      "std": 0.0036759517775415778,
      "min": 0.9907553734594999,
      "max": 1.0
    },
    "PRECISION": {
      "scores": [
        0.9910130718954249,
        0.9910878112712975,
        0.9910878112712975,
        0.9910341951626356,
        1.0
      ],
      "mean": 0.9928445779201311,
      "std": 0.003577832397001167,
      "min": 0.9910130718954249,
      "max": 1.0
    },
    "RECALL": {
      "scores": [
        0.9907407407407407,
        0.9908256880733946,
        0.9908256880733946,
        0.9908256880733946,
        1.0
      ],
      "mean": 0.992643560992185,
      "std": 0.00367836663837698,
      "min": 0.9907407407407407,
      "max": 1.0
    }
  },
  "fit_times": "[0.25755095 0.24390125 0.27573013 0.25116515 0.25964713]",
  "score_times": "[0.00346708 0.00292778 0.00335503 0.00334287 0.00353694]",
  "timing": {
    "fit_time_mean": 0.2575989246368408,
    "fit_time_std": 0.010601488761363517,
    "score_time_mean": 0.003325939178466797,
    "score_time_std": 0.00021171016728848885
  },
  "task_type": "classification",
  "cv_folds": 5,
  "data_shape": [
    136,
    18
  ],
  "y_true": "[2 2 2 2 2 2 2 2 2 2 2 2 2 2 2 2 2 2 2 2 0 0 0 0 0 0 0 0 0 0 0 0 0 0 0 0 0\n 0 0 0 2 2 2 2 2 2 2 2 2 2 2 2 2 2 2 2 2 0 0 0 0 0 0 0 0 0 0 0 0 0 0 0 0 0\n 0 0 0 0 0 1 1 1 1 1 1 1 1 1 1 1 1 1 1 1 1 1 1 1 1 2 2 2 2 2 2 2 2 2 2 2 2\n 2 2 2 2 2 1 1 1 1 1 1 1 1 1 1 1 1 1 1 1 1 1 1 1 1]",
  "y_pred_cv": "[2 2 2 2 2 2 2 2 2 2 2 2 2 2 2 2 2 2 2 0 0 1 0 0 0 0 0 0 2 0 0 0 0 0 0 0 0\n 0 2 2 2 2 2 2 2 2 2 2 2 2 2 2 2 2 2 1 2 0 0 0 0 0 0 0 0 0 0 0 0 0 0 0 0 0\n 0 0 0 0 0 1 1 1 1 1 1 1 2 1 1 2 1 1 1 1 2 1 1 1 1 2 2 2 2 2 1 2 2 2 2 2 2\n 2 2 2 2 2 1 1 1 1 1 1 1 1 1 1 1 1 1 1 1 1 1 1 1 1]",
  "y_pred_proba_cv": "[[0.00828167 0.00663409 0.98508424]\n [0.08858845 0.05062597 0.86078554]\n [0.09634569 0.04789435 0.8557599 ]\n [0.01032941 0.01105862 0.97861195]\n [0.01404956 0.00336285 0.98258764]\n [0.00847935 0.0163741  0.9751465 ]\n [0.0090286  0.00330209 0.9876693 ]\n [0.3332397  0.20772843 0.4590319 ]\n [0.03638231 0.4497617  0.513856  ]\n [0.00316952 0.00289815 0.9939323 ]\n [0.0086903  0.0932162  0.89809346]\n [0.06370683 0.02881368 0.9074795 ]\n [0.08026768 0.40604427 0.5136881 ]\n [0.01166315 0.00812745 0.98020947]\n [0.02498424 0.01052296 0.96449286]\n [0.01478509 0.02719245 0.95802253]\n [0.00892022 0.00490991 0.9861698 ]\n [0.02807464 0.05070421 0.9212211 ]\n [0.02544051 0.01274413 0.96181536]\n [0.9485756  0.02908405 0.02234031]\n [0.6676903  0.00434698 0.32796276]\n [0.04135593 0.88005596 0.07858811]\n [0.9956927  0.00209008 0.00221723]\n [0.97142655 0.00679806 0.02177539]\n [0.9822172  0.00915964 0.00862319]\n [0.96024597 0.01127378 0.02848022]\n [0.9852732  0.00219325 0.0125336 ]\n [0.9424268  0.00731698 0.05025617]\n [0.01775767 0.00803016 0.97421217]\n [0.9636155  0.0056647  0.03071987]\n [0.9261104  0.00657366 0.06731592]\n [0.9114272  0.00408202 0.0844908 ]\n [0.9790896  0.00890641 0.01200394]\n [0.99174726 0.00297987 0.00527289]\n [0.9523875  0.01401519 0.03359738]\n [0.46140614 0.16391344 0.37468043]\n [0.94351447 0.0135932  0.04289236]\n [0.98549867 0.00242461 0.01207676]\n [0.21926214 0.05241591 0.72832197]\n [0.00770175 0.00531378 0.9869845 ]\n [0.00888526 0.03980676 0.95130795]\n [0.20823085 0.04167691 0.7500922 ]\n [0.11847749 0.19088385 0.6906386 ]\n [0.12554623 0.1082614  0.7661924 ]\n [0.00449844 0.00232749 0.993174  ]\n [0.04130547 0.02861542 0.93007916]\n [0.01642258 0.0045895  0.97898793]\n [0.00563618 0.00396725 0.9903965 ]\n [0.03052868 0.00555598 0.9639153 ]\n [0.02279713 0.02324016 0.9539627 ]\n [0.00841304 0.00644703 0.9851399 ]\n [0.01174977 0.00730434 0.9809459 ]\n [0.22072701 0.2527114  0.5265616 ]\n [0.01906113 0.03579186 0.94514704]\n [0.01645982 0.07483968 0.9087005 ]\n [0.01539008 0.7224313  0.26217866]\n [0.20199098 0.02282718 0.77518183]\n [0.96376747 0.01782519 0.01840731]\n [0.59106773 0.02449836 0.3844339 ]\n [0.8799147  0.06665931 0.053426  ]\n [0.9870991  0.00838741 0.00451355]\n [0.93277884 0.00559179 0.06162941]\n [0.9943509  0.00259134 0.00305778]\n [0.9347604  0.01403891 0.05120064]\n [0.9738705  0.00347843 0.022651  ]\n [0.97384137 0.01155716 0.01460155]\n [0.98344857 0.00719815 0.00935331]\n [0.9710933  0.01350301 0.01540367]\n [0.9843998  0.00823354 0.0073667 ]\n [0.84550446 0.01708169 0.13741392]\n [0.9159625  0.02591637 0.05812116]\n [0.963729   0.00787437 0.02839657]\n [0.77495646 0.18759002 0.03745347]\n [0.859143   0.01174676 0.12911022]\n [0.99045485 0.00262195 0.00692318]\n [0.5495348  0.4391331  0.0113321 ]\n [0.98107463 0.00393864 0.0149867 ]\n [0.9704206  0.00151901 0.02806036]\n [0.9892999  0.00428147 0.00641864]\n [0.01441233 0.5134894  0.4720982 ]\n [0.00376735 0.98879623 0.00743642]\n [0.00638372 0.5558365  0.4377798 ]\n [0.01337763 0.88209695 0.10452537]\n [0.01195125 0.91044617 0.07760252]\n [0.0043093  0.96648085 0.02920992]\n [0.00546009 0.931532   0.06300792]\n [0.06337971 0.25142577 0.6851945 ]\n [0.0059051  0.9297574  0.0643375 ]\n [0.00209277 0.99275345 0.00515373]\n [0.00879433 0.4471487  0.544057  ]\n [0.00503341 0.9440687  0.05089789]\n [0.00157076 0.9902525  0.00817671]\n [0.00434177 0.92680514 0.06885304]\n [0.00299081 0.983897   0.01311225]\n [0.03152332 0.06545124 0.90302545]\n [0.00581632 0.9135603  0.08062346]\n [0.00320499 0.97598845 0.02080659]\n [0.02107919 0.9476865  0.03123439]\n [0.06129144 0.59418845 0.34452006]\n [0.00552244 0.00837193 0.9861056 ]\n [0.00293269 0.00269811 0.9943692 ]\n [0.07907195 0.00317253 0.91775554]\n [0.01309782 0.00644454 0.9804576 ]\n [0.03017944 0.02021891 0.94960165]\n [0.00765681 0.7737648  0.21857841]\n [0.01848728 0.00524327 0.9762695 ]\n [0.05462332 0.07418622 0.8711904 ]\n [0.01076176 0.00504636 0.9841919 ]\n [0.07764152 0.05984456 0.86251396]\n [0.01196199 0.01082693 0.9772111 ]\n [0.17810786 0.02879362 0.7930985 ]\n [0.08598939 0.3600162  0.5539944 ]\n [0.03472944 0.03217214 0.93309844]\n [0.01343342 0.07256472 0.9140019 ]\n [0.00889395 0.01007729 0.98102874]\n [0.00428574 0.00475194 0.9909623 ]\n [0.06472983 0.8307439  0.10452628]\n [0.06493699 0.9298337  0.00522937]\n [0.00799541 0.9857281  0.00627649]\n [0.06111487 0.931022   0.00786314]\n [0.05106855 0.90138    0.04755151]\n [0.0146958  0.979117   0.00618726]\n [0.00655989 0.98216206 0.01127805]\n 