{
  "test_scores": {
    "MAE": {
      "scores": [
        0.20205918526392466,
        0.22517799524758314,
        0.2215528442708269,
        0.27416894654792257,
        0.12114427717987783
      ],
      "mean": 0.20882064970202702,
      "std": 0.04986568987286586,
      "min": 0.12114427717987783,
      "max": 0.27416894654792257
    },
    "MSE": {
      "scores": [
        0.0569545480561294,
        0.0773643417279699,
        0.07546975192828717,
        0.08862685141889019,
        0.03417473661362351
      ],
      "mean": 0.06651804594898003,
      "std": 0.019100390582816595,
      "min": 0.03417473661362351,
      "max": 0.08862685141889019
    },
    "R2": {
      "scores": [
        0.9329512696416713,
        0.9167554528010533,
        0.9338926028120227,
        0.7919574112406744,
        0.9728925738131741
      ],
      "mean": 0.9096898620617191,
      "std": 0.061696517023232415,
      "min": 0.7919574112406744,
      "max": 0.9728925738131741
    }
  },
  "train_scores": {
    "MAE": {
      "scores": [
        0.042173640025161455,
        0.053543112102353414,
        0.046948887996859964,
        0.04000922426728983,
        0.05583775584551614
      ],
      "mean": 0.04770252404743616,
      "std": 0.006174428760159532,
      "min": 0.04000922426728983,
      "max": 0.05583775584551614
    },
    "MSE": {
      "scores": [
        0.0030422746745369478,
        0.004797241691826478,
        0.003502789169546794,
        0.002317928397726337,
        0.005289252067104519
      ],
      "mean": 0.0037898972001482152,
      "std": 0.001101895690101435,
      "min": 0.002317928397726337,
      "max": 0.005289252067104519
    },
    "R2": {
      "scores": [
        0.9970540851488288,
        0.9952838167702235,
        0.9963614056085972,
        0.9978999464990719,
        0.9938647400456273
      ],
      "mean": 0.9960927988144697,
      "std": 0.0014057525817702222,
      "min": 0.9938647400456273,
      "max": 0.9978999464990719
    }
  },
  "fit_times": "[1.24361587 1.19220114 1.21777201 1.254251   1.29966927]",
  "score_times": "[0.01529789 0.01900125 0.01700068 0.01692486 0.01836944]",
  "timing": {
    "fit_time_mean": 1.2415018558502198,
    "fit_time_std": 0.03617768351962802,
    "score_time_mean": 0.01731882095336914,
    "score_time_std": 0.001286462702824039
  },
  "task_type": "regression",
  "cv_folds": 5,
  "data_shape": [
    53,
    4
  ],
  "y_true": "[-1.56379271 -1.57473265 -0.52449806  0.43821699 -0.06502042 -0.73235699\n -1.43251338  1.31341249 -0.1853598   0.78829519  0.05531896 -1.11525502\n -0.56825783 -0.80893659  0.47103682  0.05531896  0.50385665 -0.85269637\n  0.64607592 -0.59013772 -1.44345333 -0.63389749  0.98521418 -0.21817963\n -0.17441986  1.51033147 -1.33405389 -1.67319215 -0.3603989  -0.02126065\n -0.76517682  0.56949631  0.18659829 -0.03220059 -0.80893659  0.21941812\n  0.03343907  0.88675468 -0.0103207   0.96333429  0.32881755 -0.80893659\n -0.7104771  -0.63389749  0.18659829 -1.312174    1.03991389  0.46009688\n  0.46009688  2.21048787  2.3417672   2.12296832  2.17766804]",
  "y_pred_cv": "[-1.5085844  -1.3675777  -0.35456187  0.7488933  -0.00610223 -0.7498644\n -1.4441388   1.3166     -0.4213015   0.40099826 -0.23406562 -0.93350977\n -0.6312401  -0.51700443  0.6491813  -0.3394176   0.48196697 -1.3034688\n  0.47675288 -0.4539726  -1.4095359  -1.0000039   0.5450292  -0.08016553\n -0.52057314  1.2259914  -1.269101   -1.3906397  -0.6493097   0.06274082\n -0.37528434  0.5762862  -0.06965974 -0.43918502 -0.9903147   0.5317742\n  0.05859786  0.36069036 -0.02936053  0.49718767  0.62819767 -0.7590381\n -0.66887325 -0.38818178  0.01003793 -0.88626736  1.3759747   0.18931904\n  0.9095457   2.2841306   2.211802    2.1135154   2.14999   ]",
  "y_pred_proba_cv": null,
  "saved_files": {
    "original_data": "trained_models\\7b607a39-d746-4dc6-8eac-d21dbed2854a\\cross_validation_data\\7b607a39-d746-4dc6-8eac-d21dbed2854a_original_data.csv",
    "preprocessed_data": "trained_models\\7b607a39-d746-4dc6-8eac-d21dbed2854a\\cross_validation_data\\7b607a39-d746-4dc6-8eac-d21dbed2854a_preprocessed_data.csv",
    "cv_predictions_processed": "trained_models\\7b607a39-d746-4dc6-8eac-d21dbed2854a\\cross_validation_data\\7b607a39-d746-4dc6-8eac-d21dbed2854a_cv_predictions_processed.csv",
    "cv_predictions_original": "trained_models\\7b607a39-d746-4dc6-8eac-d21dbed2854a\\cross_validation_data\\7b607a39-d746-4dc6-8eac-d21dbed2854a_cv_predictions_original.csv",
    "scatter_plot": "trained_models\\7b607a39-d746-4dc6-8eac-d21dbed2854a\\cross_validation_data\\7b607a39-d746-4dc6-8eac-d21dbed2854a_cv_scatter_plot.png"
  },
  "cv_predictions": {
    "y_true_processed": "[-1.56379271 -1.57473265 -0.52449806  0.43821699 -0.06502042 -0.73235699\n -1.43251338  1.31341249 -0.1853598   0.78829519  0.05531896 -1.11525502\n -0.56825783 -0.80893659  0.47103682  0.05531896  0.50385665 -0.85269637\n  0.64607592 -0.59013772 -1.44345333 -0.63389749  0.98521418 -0.21817963\n -0.17441986  1.51033147 -1.33405389 -1.67319215 -0.3603989  -0.02126065\n -0.76517682  0.56949631  0.18659829 -0.03220059 -0.80893659  0.21941812\n  0.03343907  0.88675468 -0.0103207   0.96333429  0.32881755 -0.80893659\n -0.7104771  -0.63389749  0.18659829 -1.312174    1.03991389  0.46009688\n  0.46009688  2.21048787  2.3417672   2.12296832  2.17766804]",
    "y_pred_processed": "[-1.5085844  -1.3675777  -0.35456187  0.7488933  -0.00610223 -0.7498644\n -1.4441388   1.3166     -0.4213015   0.40099826 -0.23406562 -0.93350977\n -0.6312401  -0.51700443  0.6491813  -0.3394176   0.48196697 -1.3034688\n  0.47675288 -0.4539726  -1.4095359  -1.0000039   0.5450292  -0.08016553\n -0.52057314  1.2259914  -1.269101   -1.3906397  -0.6493097   0.06274082\n -0.37528434  0.5762862  -0.06965974 -0.43918502 -0.9903147   0.5317742\n  0.05859786  0.36069036 -0.02936053  0.49718767  0.62819767 -0.7590381\n -0.66887325 -0.38818178  0.01003793 -0.88626736  1.3759747   0.18931904\n  0.9095457   2.2841306   2.211802    2.1135154   2.14999   ]",
    "y_true_original": "[28.8 28.7 38.3 47.1 42.5 36.4 30.  55.1 41.4 50.3 43.6 32.9 37.9 35.7\n 47.4 43.6 47.7 35.3 49.  37.7 29.9 37.3 52.1 41.1 41.5 56.9 30.9 27.8\n 39.8 42.9 36.1 48.3 44.8 42.8 35.7 45.1 43.4 51.2 43.  51.9 46.1 35.7\n 36.6 37.3 44.8 31.1 52.6 47.3 47.3 63.3 64.5 62.5 63. ]",
    "y_pred_original": "[29.30465  30.593565 39.853355 49.939835 43.03856  36.239967 29.893734\n 55.129135 39.2433   46.759792 40.95479  34.5613   37.32429  38.368496\n 49.028385 39.991787 47.499912 31.179573 47.452248 38.94466  30.210033\n 33.953487 48.07635  42.36156  38.335876 54.3009   31.493723 30.382761\n 37.15912  43.667843 39.663937 48.362064 42.457592 39.07983  34.042057\n 47.95519  43.62997  46.391342 42.825962 47.63904  48.83658  36.156113\n 36.980293 39.546043 43.186096 34.993134 55.67187  44.82487  51.40833\n 63.973156 63.31201  62.413593 62.747   ]"
  }
}