{
  "feature_0": 0.11599495261907578,
  "feature_2": 0.08040644228458405,
  "feature_1": 0.073806531727314
}