{
  "Na2O": {
    "weight": 137.0,
    "gain": 0.9065970182418823,
    "cover": 10.582777976989746,
    "sklearn_gain": 0.036671318113803864,
    "permutation_mean": 0.002877697841726601,
    "permutation_std": 0.0035244456730692993
  },
  "MgO": {
    "weight": 95.0,
    "gain": 0.823661744594574,
    "cover": 7.629826068878174,
    "sklearn_gain": 0.033316634595394135,
    "permutation_mean": 0.0,
    "permutation_std": 0.0
  },
  "Al2O3": {
    "weight": 201.0,
    "gain": 2.413627862930298,
    "cover": 13.98853588104248,
    "sklearn_gain": 0.0976298376917839,
    "permutation_mean": 0.04028776978417266,
    "permutation_std": 0.00733671872459392
  },
  "SiO2": {
    "weight": 112.0,
    "gain": 1.9029616117477417,
    "cover": 11.047469139099121,
    "sklearn_gain": 0.07697368413209915,
    "permutation_mean": 0.0,
    "permutation_std": 0.0
  },
  "K2O": {
    "weight": 260.0,
    "gain": 3.1242380142211914,
    "cover": 14.634637832641602,
    "sklearn_gain": 0.12637360394001007,
    "permutation_mean": 0.08201438848920864,
    "permutation_std": 0.014813856317966898
  },
  "CaO": {
    "weight": 83.0,
    "gain": 0.6063300967216492,
    "cover": 7.322829723358154,
    "sklearn_gain": 0.024525698274374008,
    "permutation_mean": 0.0,
    "permutation_std": 0.0
  },
  "TiO2": {
    "weight": 91.0,
    "gain": 0.620760977268219,
    "cover": 7.730752944946289,
    "sklearn_gain": 0.025109417736530304,
    "permutation_mean": 0.0,
    "permutation_std": 0.0
  },
  "Fe2O3": {
    "weight": 218.0,
    "gain": 1.8709453344345093,
    "cover": 10.921575546264648,
    "sklearn_gain": 0.07567864656448364,
    "permutation_mean": 0.0,
    "permutation_std": 0.0
  },
  "As2O3": {
    "weight": 6.0,
    "gain": 0.25261369347572327,
    "cover": 11.716187477111816,
    "sklearn_gain": 0.010218076407909393,
    "permutation_mean": 0.0,
    "permutation_std": 0.0
  },
  "MnO": {
    "weight": 188.0,
    "gain": 1.3282160758972168,
    "cover": 8.90335750579834,
    "sklearn_gain": 0.05372556298971176,
    "permutation_mean": 0.004316546762589901,
    "permutation_std": 0.0035244456730692993
  },
  "CuO": {
    "weight": 81.0,
    "gain": 0.936328649520874,
    "cover": 10.366538047790527,
    "sklearn_gain": 0.037873946130275726,
    "permutation_mean": 0.021582733812949617,
    "permutation_std": 0.0
  },
  "ZnO": {
    "weight": 66.0,
    "gain": 0.964637279510498,
    "cover": 9.537079811096191,
    "sklearn_gain": 0.039019014686346054,
    "permutation_mean": 0.0,
    "permutation_std": 0.0
  },
  "PbO2": {
    "weight": 83.0,
    "gain": 0.9750659465789795,
    "cover": 10.901273727416992,
    "sklearn_gain": 0.03944084793329239,
    "permutation_mean": 0.0,
    "permutation_std": 0.0
  },
  "Rb2O": {
    "weight": 141.0,
    "gain": 1.736168384552002,
    "cover": 13.655527114868164,
    "sklearn_gain": 0.0702269971370697,
    "permutation_mean": 0.007194244604316546,
    "permutation_std": 0.00643472799280516
  },
  "SrO": {
    "weight": 63.0,
    "gain": 1.1309106349945068,
    "cover": 10.437214851379395,
    "sklearn_gain": 0.045744672417640686,
    "permutation_mean": 0.0,
    "permutation_std": 0.0
  },
  "Y2O3": {
    "weight": 149.0,
    "gain": 2.5802419185638428,
    "cover": 13.738027572631836,
    "sklearn_gain": 0.10436927527189255,
    "permutation_mean": 0.007194244604316525,
    "permutation_std": 0.00455003979880343
  },
  "ZrO2": {
    "weight": 166.0,
    "gain": 1.9318982362747192,
    "cover": 11.542608261108398,
    "sklearn_gain": 0.07814415544271469,
    "permutation_mean": 0.017266187050359715,
    "permutation_std": 0.007336718724593955
  },
  "P2O5": {
    "weight": 61.0,
    "gain": 0.6170333027839661,
    "cover": 9.123993873596191,
    "sklearn_gain": 0.024958636611700058,
    "permutation_mean": 0.0,
    "permutation_std": 0.0
  }
}