{
  "test_scores": {
    "MAE": {
      "scores": [
        0.21530659186326542,
        0.24660276368224493,
        0.3029592716379504,
        0.21075788575153948,
        0.15507878836155758
      ],
      "mean": 0.2261410602593116,
      "std": 0.04842229477629726,
      "min": 0.15507878836155758,
      "max": 0.3029592716379504
    },
    "MSE": {
      "scores": [
        0.08380151949841332,
        0.10170965313640767,
        0.1326037074008468,
        0.06491358807602418,
        0.03831232413971212
      ],
      "mean": 0.08426815845028082,
      "std": 0.03202276341199381,
      "min": 0.03831232413971212,
      "max": 0.1326037074008468
    },
    "R2": {
      "scores": [
        0.8992758735807599,
        0.9129309210518248,
        0.8941620226794453,
        0.7980911185356303,
        0.9637506568299643
      ],
      "mean": 0.893642118535525,
      "std": 0.05375735882928797,
      "min": 0.7980911185356303,
      "max": 0.9637506568299643
    }
  },
  "train_scores": {
    "MAE": {
      "scores": [
        0.08419161269746052,
        0.0869267631401811,
        0.06756588656061532,
        0.08223918364621549,
        0.09051341782405543
      ],
      "mean": 0.08228737277370557,
      "std": 0.007868193799651457,
      "min": 0.06756588656061532,
      "max": 0.09051341782405543
    },
    "MSE": {
      "scores": [
        0.010743199778538668,
        0.011633891214510025,
        0.007811977816928888,
        0.011598819300617956,
        0.013172395454755572
      ],
      "mean": 0.010992056713070221,
      "std": 0.00177250223993811,
      "min": 0.007811977816928888,
      "max": 0.013172395454755572
    },
    "R2": {
      "scores": [
        0.9896623854444957,
        0.9878144542923449,
        0.9916302660052203,
        0.9898056891017739,
        0.9855961193576949
      ],
      "mean": 0.9889017828403059,
      "std": 0.0020469429725188592,
      "min": 0.9855961193576949,
      "max": 0.9916302660052203
    }
  },
  "fit_times": "[1.77166033 1.58493471 1.61814785 1.62646413 1.60364127]",
  "score_times": "[0.02624035 0.02980018 0.03145075 0.02769923 0.02099872]",
  "timing": {
    "fit_time_mean": 1.6409696578979491,
    "fit_time_std": 0.06685001147776234,
    "score_time_mean": 0.027237844467163087,
    "score_time_std": 0.0035902284526143236
  },
  "task_type": "regression",
  "cv_folds": 5,
  "data_shape": [
    53,
    4
  ],
  "y_true": "[-2.00396947e+00 -1.36534184e+00 -2.97292174e-01  2.20216425e-01\n -4.07400387e-01 -6.93681740e-01 -1.77274222e+00  1.02400638e+00\n  7.82365907e-16  6.82670919e-01 -5.50541063e-02 -1.03501720e+00\n -2.09205604e-01 -8.91876523e-01  2.31227247e-01  1.32129855e-01\n  4.84476136e-01 -5.61551885e-01  5.39530242e-01 -8.91876523e-01\n -1.43140676e+00 -5.83573527e-01  9.35919808e-01 -2.75270532e-01\n -5.72562706e-01  1.49747169e+00 -1.14512541e+00 -1.69566648e+00\n -2.64259710e-01 -3.74367923e-01 -5.50541063e-01  3.74367923e-01\n  3.52346281e-01 -7.70757489e-02 -7.26714204e-01  1.21119034e-01\n -2.97292174e-01  7.26714204e-01  2.20216425e-02  1.20017952e+00\n  2.97292174e-01 -9.57941450e-01 -1.87183962e-01 -3.30324638e-01\n  6.27616812e-01 -8.58844059e-01  9.57941450e-01  2.75270532e-01\n  7.48735846e-01  2.54349971e+00  2.36732657e+00  1.91588290e+00\n  2.23519672e+00]",
  "y_pred_cv": "[-1.582488   -1.2809201  -0.20909014  0.6394525  -0.23262295 -0.67196643\n -1.205452    1.0957603  -0.06361966  0.32022884 -0.58259314 -1.0214517\n -0.24058999 -0.25918567  0.17997041  0.00981765  0.47903714 -0.8304493\n  0.4587372  -0.77958    -1.2819593  -0.6455828   0.4665643  -0.20396069\n -0.5019763   1.0358504  -1.0113263  -1.2706729  -0.41320524 -0.05047796\n -0.40260047  0.3501459  -0.00490711 -0.29454532 -0.6581752   0.4004751\n  0.2758929   0.43306112 -0.04243696  0.72142994  0.5310526  -0.8812604\n -0.43503645 -0.25672874 -0.07972796 -0.72363263  1.3768532  -0.07061242\n  1.050615    2.2502608   2.3960652   2.0119565   2.0643458 ]",
  "y_pred_proba_cv": null,
  "saved_files": {
    "original_data": "trained_models\\c2816c2b-0bfb-424b-90b6-7cf396ab0437\\cross_validation_data\\c2816c2b-0bfb-424b-90b6-7cf396ab0437_original_data.csv",
    "preprocessed_data": "trained_models\\c2816c2b-0bfb-424b-90b6-7cf396ab0437\\cross_validation_data\\c2816c2b-0bfb-424b-90b6-7cf396ab0437_preprocessed_data.csv",
    "cv_predictions_processed": "trained_models\\c2816c2b-0bfb-424b-90b6-7cf396ab0437\\cross_validation_data\\c2816c2b-0bfb-424b-90b6-7cf396ab0437_cv_predictions_processed.csv",
    "cv_predictions_original": "trained_models\\c2816c2b-0bfb-424b-90b6-7cf396ab0437\\cross_validation_data\\c2816c2b-0bfb-424b-90b6-7cf396ab0437_cv_predictions_original.csv",
    "scatter_plot": "trained_models\\c2816c2b-0bfb-424b-90b6-7cf396ab0437\\cross_validation_data\\c2816c2b-0bfb-424b-90b6-7cf396ab0437_cv_scatter_plot.png"
  },
  "cv_predictions": {
    "y_true_processed": "[-2.00396947e+00 -1.36534184e+00 -2.97292174e-01  2.20216425e-01\n -4.07400387e-01 -6.93681740e-01 -1.77274222e+00  1.02400638e+00\n  7.82365907e-16  6.82670919e-01 -5.50541063e-02 -1.03501720e+00\n -2.09205604e-01 -8.91876523e-01  2.31227247e-01  1.32129855e-01\n  4.84476136e-01 -5.61551885e-01  5.39530242e-01 -8.91876523e-01\n -1.43140676e+00 -5.83573527e-01  9.35919808e-01 -2.75270532e-01\n -5.72562706e-01  1.49747169e+00 -1.14512541e+00 -1.69566648e+00\n -2.64259710e-01 -3.74367923e-01 -5.50541063e-01  3.74367923e-01\n  3.52346281e-01 -7.70757489e-02 -7.26714204e-01  1.21119034e-01\n -2.97292174e-01  7.26714204e-01  2.20216425e-02  1.20017952e+00\n  2.97292174e-01 -9.57941450e-01 -1.87183962e-01 -3.30324638e-01\n  6.27616812e-01 -8.58844059e-01  9.57941450e-01  2.75270532e-01\n  7.48735846e-01  2.54349971e+00  2.36732657e+00  1.91588290e+00\n  2.23519672e+00]",
    "y_pred_processed": "[-1.582488   -1.2809201  -0.20909014  0.6394525  -0.23262295 -0.67196643\n -1.205452    1.0957603  -0.06361966  0.32022884 -0.58259314 -1.0214517\n -0.24058999 -0.25918567  0.17997041  0.00981765  0.47903714 -0.8304493\n  0.4587372  -0.77958    -1.2819593  -0.6455828   0.4665643  -0.20396069\n -0.5019763   1.0358504  -1.0113263  -1.2706729  -0.41320524 -0.05047796\n -0.40260047  0.3501459  -0.00490711 -0.29454532 -0.6581752   0.4004751\n  0.2758929   0.43306112 -0.04243696  0.72142994  0.5310526  -0.8812604\n -0.43503645 -0.25672874 -0.07972796 -0.72363263  1.3768532  -0.07061242\n  1.050615    2.2502608   2.3960652   2.0119565   2.0643458 ]",
    "y_true_original": "[14.  19.8 29.5 34.2 28.5 25.9 16.1 41.5 32.2 38.4 31.7 22.8 30.3 24.1\n 34.3 33.4 36.6 27.1 37.1 24.1 19.2 26.9 40.7 29.7 27.  45.8 21.8 16.8\n 29.8 28.8 27.2 35.6 35.4 31.5 25.6 33.3 29.5 38.8 32.4 43.1 34.9 23.5\n 30.5 29.2 37.9 24.4 40.9 34.7 39.  55.3 53.7 49.6 52.5]",
    "y_pred_original": "[17.827885 20.566715 30.301048 38.007492 30.087324 26.097218 21.252115\n 42.15167  31.622208 35.10831  26.908903 22.923203 30.014967 29.846083\n 33.834488 32.289165 36.550602 24.65788  36.36624  25.119875 20.557278\n 26.336834 36.437325 30.347633 27.641064 41.607567 23.01516  20.65978\n 28.44728  31.74156  28.543592 35.380016 32.155434 29.524946 26.22247\n 35.837105 34.705654 36.13305  31.814589 38.75201  37.023006 24.196415\n 28.24901  29.868397 31.475912 25.627987 44.704548 31.5587   41.741657\n 52.63681  53.961002 50.472538 50.948338]"
  }
}