{
  "Na2O": {
    "weight": 23.0,
    "gain": 0.9772561192512512,
    "cover": 22.63846778869629,
    "sklearn_gain": 0.011647245846688747,
    "permutation_mean": 0.0,
    "permutation_std": 0.0
  },
  "MgO": {
    "weight": 50.0,
    "gain": 5.6124773025512695,
    "cover": 25.90426254272461,
    "sklearn_gain": 0.06689126789569855,
    "permutation_mean": 0.005882352941176494,
    "permutation_std": 0.008574929257125457
  },
  "Al2O3": {
    "weight": 53.0,
    "gain": 1.824165940284729,
    "cover": 23.79842758178711,
    "sklearn_gain": 0.021740984171628952,
    "permutation_mean": 0.002941176470588225,
    "permutation_std": 0.0036021907982105436
  },
  "SiO2": {
    "weight": 38.0,
    "gain": 4.256053447723389,
    "cover": 26.431106567382812,
    "sklearn_gain": 0.05072498321533203,
    "permutation_mean": 0.0014705882352941124,
    "permutation_std": 0.002941176470588225
  },
  "K2O": {
    "weight": 69.0,
    "gain": 2.298795223236084,
    "cover": 25.24602699279785,
    "sklearn_gain": 0.02739776484668255,
    "permutation_mean": 0.032352941176470584,
    "permutation_std": 0.00588235294117645
  },
  "CaO": {
    "weight": 20.0,
    "gain": 1.8876755237579346,
    "cover": 22.68719482421875,
    "sklearn_gain": 0.022497911006212234,
    "permutation_mean": 0.0014705882352941124,
    "permutation_std": 0.002941176470588225
  },
  "Fe2O3": {
    "weight": 52.0,
    "gain": 2.6112775802612305,
    "cover": 36.165706634521484,
    "sklearn_gain": 0.031122028827667236,
    "permutation_mean": 0.0382352941176471,
    "permutation_std": 0.014257881933577438
  },
  "As2O3": {
    "weight": 2.0,
    "gain": 1.2660152912139893,
    "cover": 19.605209350585938,
    "sklearn_gain": 0.015088768675923347,
    "permutation_mean": 0.0,
    "permutation_std": 0.0
  },
  "MnO": {
    "weight": 123.0,
    "gain": 2.9421656131744385,
    "cover": 23.354415893554688,
    "sklearn_gain": 0.035065654665231705,
    "permutation_mean": 0.03382352941176472,
    "permutation_std": 0.009974014681066557
  },
  "CuO": {
    "weight": 15.0,
    "gain": 1.525464653968811,
    "cover": 29.545940399169922,
    "sklearn_gain": 0.01818096823990345,
    "permutation_mean": 0.005882352941176472,
    "permutation_std": 0.005502437333491106
  },
  "ZnO": {
    "weight": 27.0,
    "gain": 1.7326059341430664,
    "cover": 22.037172317504883,
    "sklearn_gain": 0.0206497423350811,
    "permutation_mean": -0.00588235294117645,
    "permutation_std": 0.007204381596421085
  },
  "PbO2": {
    "weight": 25.0,
    "gain": 1.4416950941085815,
    "cover": 25.7443790435791,
    "sklearn_gain": 0.017182575538754463,
    "permutation_mean": 0.005882352941176494,
    "permutation_std": 0.008574929257125457
  },
  "Rb2O": {
    "weight": 17.0,
    "gain": 2.668717861175537,
    "cover": 26.864391326904297,
    "sklearn_gain": 0.031806617975234985,
    "permutation_mean": -0.004411764705882337,
    "permutation_std": 0.00588235294117645
  },
  "SrO": {
    "weight": 12.0,
    "gain": 3.6599762439727783,
    "cover": 31.09040641784668,
    "sklearn_gain": 0.043620750308036804,
    "permutation_mean": 0.0,
    "permutation_std": 0.0
  },
  "Y2O3": {
    "weight": 40.0,
    "gain": 3.609989643096924,
    "cover": 20.02725601196289,
    "sklearn_gain": 0.04302499443292618,
    "permutation_mean": 0.013235294117647078,
    "permutation_std": 0.005502437333491118
  },
  "ZrO2": {
    "weight": 4.0,
    "gain": 1.1582708358764648,
    "cover": 22.857398986816406,
    "sklearn_gain": 0.013804635964334011,
    "permutation_mean": 0.0,
    "permutation_std": 0.0
  },
  "P2O5": {
    "weight": 72.0,
    "gain": 3.193249225616455,
    "cover": 27.12217903137207,
    "sklearn_gain": 0.03805815055966377,
    "permutation_mean": 0.026470588235294135,
    "permutation_std": 0.009974014681066536
  },
  "autoFE_f_0": {
    "weight": 59.0,
    "gain": 2.0985870361328125,
    "cover": 26.039384841918945,
    "sklearn_gain": 0.025011621415615082,
    "permutation_mean": 0.01911764705882355,
    "permutation_std": 0.008823529411764704
  },
  "autoFE_f_1": {
    "weight": 51.0,
    "gain": 4.1291279792785645,
    "cover": 26.673131942749023,
    "sklearn_gain": 0.049212247133255005,
    "permutation_mean": 0.0470588235294118,
    "permutation_std": 0.009974014681066557
  },
  "autoFE_f_2": {
    "weight": 47.0,
    "gain": 4.011752605438232,
    "cover": 25.163467407226562,
    "sklearn_gain": 0.047813329845666885,
    "permutation_mean": -0.0014705882352941124,
    "permutation_std": 0.011764705882352969
  },
  "autoFE_f_3": {
    "weight": 38.0,
    "gain": 4.736782550811768,
    "cover": 30.605388641357422,
    "sklearn_gain": 0.05645446479320526,
    "permutation_mean": 0.00441176470588236,
    "permutation_std": 0.007498558108224688
  },
  "autoFE_f_4": {
    "weight": 70.0,
    "gain": 3.6679608821868896,
    "cover": 34.65098190307617,
    "sklearn_gain": 0.043715912848711014,
    "permutation_mean": 0.08529411764705883,
    "permutation_std": 0.005882352941176495
  },
  "autoFE_f_5": {
    "weight": 42.0,
    "gain": 4.197754859924316,
    "cover": 29.088823318481445,
    "sklearn_gain": 0.050030164420604706,
    "permutation_mean": 0.05294117647058823,
    "permutation_std": 0.014257881933577438
  },
  "autoFE_f_6": {
    "weight": 32.0,
    "gain": 2.8107552528381348,
    "cover": 27.0645809173584,
    "sklearn_gain": 0.03349946439266205,
    "permutation_mean": 0.01764705882352944,
    "permutation_std": 0.007498558108224688
  },
  "autoFE_f_7": {
    "weight": 70.0,
    "gain": 6.509485244750977,
    "cover": 27.691728591918945,
    "sklearn_gain": 0.07758209109306335,
    "permutation_mean": 0.01470588235294119,
    "permutation_std": 0.0065766705220582315
  },
  "autoFE_f_8": {
    "weight": 51.0,
    "gain": 2.716073513031006,
    "cover": 37.5179328918457,
    "sklearn_gain": 0.03237101808190346,
    "permutation_mean": 0.06323529411764708,
    "permutation_std": 0.01282029101041373
  },
  "autoFE_f_9": {
    "weight": 71.0,
    "gain": 6.360353946685791,
    "cover": 26.741024017333984,
    "sklearn_gain": 0.075804702937603,
    "permutation_mean": 0.025000000000000022,
    "permutation_std": 0.0036021907982105427
  }
}