feature,importance
feature_1,0.18823285400867462
feature_3,0.18014177680015564
feature_0,0.13431786000728607
feature_2,0.09563088417053223
