{
  "model_id": "ef41078c-d623-44b9-854f-ee4d18c826fa",
  "task_type": "classification",
  "algorithm": "XGBoost",
  "created_at": "2025-09-05T09:19:14.989421",
  "data_shape": {
    "n_samples": 100,
    "n_features": 4
  },
  "target_dimension": 3,
  "target_name": "target",
  "feature_names": [
    "numeric1",
    "numeric2",
    "category1",
    "category2"
  ],
  "model_params": {
    "random_state": 42,
    "n_jobs": -1,
    "enable_categorical": true
  },
  "optimization_results": {},
  "cross_validation_results": {
    "test_scores": {
      "ACCURACY": {
        "scores": [
          0.4,
          0.3,
          0.45,
          0.3,
          0.5
        ],
        "mean": 0.39,
        "std": 0.08,
        "min": 0.3,
        "max": 0.5
      },
      "F1": {
        "scores": [
          0.38760180995475113,
          0.2866666666666667,
          0.43111111111111117,
          0.29384615384615387,
          0.5061471861471861
        ],
        "mean": 0.38107458554517376,
        "std": 0.08331994768864842,
        "min": 0.2866666666666667,
        "max": 0.5061471861471861
      },
      "PRECISION": {
        "scores": [
          0.38293650793650796,
          0.28928571428571426,
          0.4490909090909091,
          0.2895833333333333,
          0.5249999999999999
        ],
        "mean": 0.3871792929292929,
        "std": 0.09160100524209396,
        "min": 0.28928571428571426,
        "max": 0.5249999999999999
      },
      "RECALL": {
        "scores": [
          0.4,
          0.3,
          0.45,
          0.3,
          0.5
        ],
        "mean": 0.39,
        "std": 0.08,
        "min": 0.3,
        "max": 0.5
      }
    },
    "train_scores": {
      "ACCURACY": {
        "scores": [
          1.0,
          1.0,
          1.0,
          1.0,
          0.9875
        ],
        "mean": 0.9974999999999999,
        "std": 0.004999999999999982,
        "min": 0.9875,
        "max": 1.0
      },
      "F1": {
        "scores": [
          1.0,
          1.0,
          1.0,
          1.0,
          0.9875119923249122
        ],
        "mean": 0.9975023984649825,
        "std": 0.0049952030700351376,
        "min": 0.9875119923249122,
        "max": 1.0
      },
      "PRECISION": {
        "scores": [
          1.0,
          1.0,
          1.0,
          1.0,
          0.9879629629629629
        ],
        "mean": 0.9975925925925926,
        "std": 0.004814814814814827,
        "min": 0.9879629629629629,
        "max": 1.0
      },
      "RECALL": {
        "scores": [
          1.0,
          1.0,
          1.0,
          1.0,
          0.9875
        ],
        "mean": 0.9974999999999999,
        "std": 0.004999999999999982,
        "min": 0.9875,
        "max": 1.0
      }
    },
    "fit_times": "[0.2603631  0.25709486 0.24689317 0.25567007 0.25704598]",
    "score_times": "[0.0020318  0.00182295 0.00181079 0.00184083 0.0017879 ]",
    "timing": {
      "fit_time_mean": 0.25541343688964846,
      "fit_time_std": 0.004531057947319827,
      "score_time_mean": 0.0018588542938232423,
      "score_time_std": 8.817034963804334e-05
    },
    "task_type": "classification",
    "cv_folds": 5,
    "data_shape": [
      100,
      4
    ],
    "y_true": "[2 1 1 2 1 2 1 0 0 1 1 1 0 1 0 2 0 0 2 0 1 1 0 1 0 1 1 0 1 0 1 1 2 2 0 2 0\n 2 1 0 0 1 0 0 2 0 1 2 2 1 1 2 0 2 1 2 1 2 0 2 2 1 1 1 2 0 1 1 2 1 0 0 1 1\n 2 0 0 1 2 0 0 2 2 0 0 2 0 1 1 2 2 2 1 0 1 0 1 0 1 2]",
    "y_pred_cv": "[2 2 2 0 1 0 1 0 1 2 1 0 0 0 1 1 1 0 1 1 2 0 1 1 0 1 2 2 0 1 1 1 1 0 2 1 0\n 0 0 0 1 1 1 0 2 0 1 2 0 0 2 1 1 1 1 2 1 0 0 0 1 0 2 1 0 2 1 1 1 1 2 2 1 0\n 2 2 1 1 0 1 2 0 2 2 0 0 0 1 1 2 1 2 0 1 0 2 0 0 0 1]",
    "y_pred_proba_cv": "[[0.45363316 0.01105603 0.5353108 ]\n [0.3658849  0.06324548 0.5708696 ]\n [0.05654121 0.01257683 0.9308819 ]\n [0.9355862  0.0329341  0.03147967]\n [0.13628148 0.7353084  0.12841007]\n [0.653748   0.06883162 0.27742046]\n [0.01534292 0.9806219  0.00403526]\n [0.5236377  0.4195577  0.05680463]\n [0.02196101 0.96258193 0.01545705]\n [0.20157723 0.21478057 0.58364224]\n [0.02866211 0.9334059  0.037932  ]\n [0.8462164  0.12049095 0.03329268]\n [0.8199679  0.16950648 0.01052557]\n [0.8951837  0.03982033 0.06499593]\n [0.02753068 0.85699475 0.11547457]\n [0.11309929 0.68825793 0.19864278]\n [0.03404326 0.95393187 0.01202486]\n [0.6478662  0.24452747 0.10760636]\n [0.1098368  0.80798286 0.08218034]\n [0.13433042 0.6309666  0.23470291]\n [0.2815325  0.18490481 0.53356266]\n [0.9619159  0.03696386 0.00112018]\n [0.00578113 0.98480296 0.0094159 ]\n [0.03900057 0.9130727  0.04792669]\n [0.8557374  0.02640967 0.1178529 ]\n [0.04829019 0.9340592  0.01765062]\n [0.09851344 0.2971146  0.6043719 ]\n [0.01101405 0.00822544 0.98076046]\n [0.75765836 0.13075238 0.11158922]\n [0.34421834 0.61355084 0.04223079]\n [0.25327238 0.73153275 0.01519489]\n [0.08574346 0.8794086  0.03484798]\n [0.13335267 0.8294638  0.03718352]\n [0.45612115 0.22303918 0.32083973]\n [0.33818832 0.18208465 0.47972706]\n [0.3008516  0.6838672  0.01528118]\n [0.9375491  0.03880236 0.0236485 ]\n [0.9117352  0.08073186 0.00753294]\n [0.9456549  0.0389983  0.01534676]\n [0.7333905  0.01106667 0.2555428 ]\n [0.29479027 0.42226133 0.2829484 ]\n [0.0258805  0.95879984 0.01531962]\n [0.26166755 0.67266166 0.06567081]\n [0.5582087  0.43514782 0.0066435 ]\n [0.24543037 0.12198585 0.6325838 ]\n [0.7418878  0.03873669 0.2193755 ]\n [0.07505614 0.84397435 0.08096949]\n [0.12119944 0.03420275 0.8445978 ]\n [0.7754418  0.1231387  0.10141946]\n [0.86439645 0.01020405 0.12539949]\n [0.09383622 0.14078423 0.76537955]\n [0.11888899 0.44972375 0.43138722]\n [0.23173033 0.7662062  0.00206345]\n [0.08907934 0.9007293  0.01019139]\n [0.18581933 0.4454682  0.36871246]\n [0.10350988 0.15323608 0.74325407]\n [0.02070377 0.5431259  0.43617034]\n [0.6738745  0.00614565 0.31997988]\n [0.70540094 0.13141418 0.16318485]\n [0.95635396 0.00736254 0.03628351]\n [0.0965179  0.89874834 0.00473369]\n [0.65017563 0.14948453 0.20033988]\n [0.01207568 0.05548884 0.93243545]\n [0.08675943 0.9036297  0.00961082]\n [0.71078014 0.0315369  0.257683  ]\n [0.04857516 0.4650417  0.4863832 ]\n [0.20964028 0.778585   0.01177476]\n [0.17061038 0.7088898  0.12049986]\n [0.07182874 0.8049291  0.12324218]\n [0.00399191 0.96346813 0.03253996]\n [0.13775183 0.00678143 0.85546666]\n [0.01880295 0.11647139 0.8647257 ]\n [0.3481631  0.6295206  0.02231629]\n [0.5760173  0.21891597 0.20506673]\n [0.10996319 0.04051326 0.8495235 ]\n [0.02386396 0.2757111  0.70042497]\n [0.01912069 0.95493203 0.02594725]\n [0.03636453 0.7411911  0.22244437]\n [0.53880566 0.44315872 0.01803563]\n [0.01524375 0.8683356  0.11642064]\n [0.04832606 0.10230452 0.84936947]\n [0.74763787 0.17813012 0.07423202]\n [0.03207818 0.01478082 0.953141  ]\n [0.0541041  0.00188013 0.94401574]\n [0.7130786  0.05364046 0.23328088]\n [0.96305656 0.00777462 0.02916877]\n [0.958389   0.01212968 0.02948139]\n [0.0961292  0.8892417  0.01462911]\n [0.00515054 0.973106   0.02174344]\n [0.42205817 0.0010024  0.5769394 ]\n [0.4188194  0.5218263  0.05935429]\n [0.03512067 0.23759232 0.72728705]\n [0.7171374  0.25065285 0.03220969]\n [0.0582058  0.900913   0.04088117]\n [0.88330483 0.11228708 0.00440815]\n [0.00431814 0.01520176 0.9804801 ]\n [0.8312739  0.01541154 0.15331453]\n [0.5476552  0.38970253 0.06264219]\n [0.55173975 0.04301015 0.40525007]\n [0.04773539 0.94044757 0.01181701]]",
    "saved_files": {},
    "cv_predictions": {
      "y_true_processed": "[2 1 1 2 1 2 1 0 0 1 1 1 0 1 0 2 0 0 2 0 1 1 0 1 0 1 1 0 1 0 1 1 2 2 0 2 0\n 2 1 0 0 1 0 0 2 0 1 2 2 1 1 2 0 2 1 2 1 2 0 2 2 1 1 1 2 0 1 1 2 1 0 0 1 1\n 2 0 0 1 2 0 0 2 2 0 0 2 0 1 1 2 2 2 1 0 1 0 1 0 1 2]",
      "y_pred_processed": "[2 2 2 0 1 0 1 0 1 2 1 0 0 0 1 1 1 0 1 1 2 0 1 1 0 1 2 2 0 1 1 1 1 0 2 1 0\n 0 0 0 1 1 1 0 2 0 1 2 0 0 2 1 1 1 1 2 1 0 0 0 1 0 2 1 0 2 1 1 1 1 2 2 1 0\n 2 2 1 1 0 1 2 0 2 2 0 0 0 1 1 2 1 2 0 1 0 2 0 0 0 1]",