{
  "test_scores": {
    "MAE": {
      "scores": [
        0.4218510188161209,
        0.44707889864982514,
        0.32780196084546326,
        0.5716997323998838,
        0.5600922965591488
      ],
      "mean": 0.4657047814540884,
      "std": 0.09102878289120378,
      "min": 0.32780196084546326,
      "max": 0.5716997323998838
    },
    "MSE": {
      "scores": [
        0.27574916548531775,
        0.2936213795896157,
        0.16621462956684516,
        0.5491653465752944,
        0.5364864975700343
      ],
      "mean": 0.36424740375742143,
      "std": 0.15224841814220433,
      "min": 0.16621462956684516,
      "max": 0.5491653465752944
    },
    "R2": {
      "scores": [
        0.5982199024951282,
        0.6090542985967773,
        0.8487357590880191,
        0.4546120629544481,
        0.49503673243837654
      ],
      "mean": 0.6011317511145498,
      "std": 0.13718831028330908,
      "min": 0.4546120629544481,
      "max": 0.8487357590880191
    }
  },
  "train_scores": {
    "MAE": {
      "scores": [
        0.06253819791499392,
        0.05837218704909787,
        0.09002339651768353,
        0.0770066271260134,
        0.038454958521121255
      ],
      "mean": 0.065279073425782,
      "std": 0.0174617734464328,
      "min": 0.038454958521121255,
      "max": 0.09002339651768353
    },
    "MSE": {
      "scores": [
        0.016965203834723348,
        0.0063130865211909765,
        0.023748451161117446,
        0.01740232287314885,
        0.002560147857936161
      ],
      "mean": 0.013397842449623356,
      "std": 0.007791616289845161,
      "min": 0.002560147857936161,
      "max": 0.023748451161117446
    },
    "R2": {
      "scores": [
        0.9841535190438561,
        0.9940059100449602,
        0.9727652450221174,
        0.9825530295795332,
        0.9973874964092998
      ],
      "mean": 0.9861730400199533,
      "std": 0.008764357274813115,
      "min": 0.9727652450221174,
      "max": 0.9973874964092998
    }
  },
  "fit_times": "[0.22790504 0.2482481  0.21900034 0.23878765 0.24781132]",
  "score_times": "[0.00307131 0.00296617 0.00301218 0.00400805 0.00500393]",
  "timing": {
    "fit_time_mean": 0.23635048866271974,
    "fit_time_std": 0.01141224677321019,
    "score_time_mean": 0.003612327575683594,
    "score_time_std": 0.0007954318346148585
  },
  "task_type": "regression",
  "cv_folds": 5,
  "data_shape": [
    53,
    4
  ],
  "y_true": "[-1.16510601 -1.2963553  -0.51430103  0.90626041  0.8806853  -1.10329042\n -1.33814613  1.0568815  -0.06222011  0.74127373  0.68859988 -0.06668215\n -0.16299693  0.50195598 -0.56762786  1.18083917  1.40307057 -1.3804811\n  1.10563745 -0.52278979 -0.70562463 -0.54553531  0.41227984 -0.68364092\n -0.63673507  1.30947654 -1.50803017 -1.27850714  0.31650921 -0.61137762\n -0.08583628  2.26903298  1.34060199  0.05586073 -0.4217953   1.41504189\n  1.27824225  1.00322818  0.97188506  0.80200102  1.77494358 -0.44530264\n -0.59646788  0.34045187 -0.46608922 -1.13256576  0.9076752  -0.48818176\n  0.33000416 -0.78202348 -1.04321611 -2.12063572 -1.26087664]",
  "y_pred_cv": "[-0.93910277 -1.2423263  -0.66185105 -0.10325931  0.5870637  -0.77820003\n -1.09536     1.0714219   0.731853    1.354587    0.17842054 -0.7579338\n -0.16389494  0.08540105  0.14622813  0.58898926  1.1621779  -0.9793334\n  1.2692226   0.37237483 -1.2891387  -0.0244674   0.31434757 -0.42160603\n -0.4941961   0.9895207  -0.5445713  -1.350191   -0.16691633 -0.0651481\n -0.2171188   1.7128731   1.3371856   0.00402061 -0.5252601  -0.30269143\n  0.6262258   0.61314577  0.38353205  0.73092675  0.7325532  -0.8259557\n -0.12859093  0.54936665  0.4137591  -0.910921    0.93986326  0.2176114\n  1.0241423  -1.2463272  -1.3364246  -0.33598384 -0.5576889 ]",
  "y_pred_proba_cv": null,
  "saved_files": {
    "original_data": "trained_models\\9286c9d9-f6e7-4103-adff-238e5fa6f136\\cross_validation_data\\9286c9d9-f6e7-4103-adff-238e5fa6f136_original_data.csv",
    "preprocessed_data": "trained_models\\9286c9d9-f6e7-4103-adff-238e5fa6f136\\cross_validation_data\\9286c9d9-f6e7-4103-adff-238e5fa6f136_preprocessed_data.csv",
    "cv_predictions_processed": "trained_models\\9286c9d9-f6e7-4103-adff-238e5fa6f136\\cross_validation_data\\9286c9d9-f6e7-4103-adff-238e5fa6f136_cv_predictions_processed.csv",
    "cv_predictions_original": "trained_models\\9286c9d9-f6e7-4103-adff-238e5fa6f136\\cross_validation_data\\9286c9d9-f6e7-4103-adff-238e5fa6f136_cv_predictions_original.csv",
    "scatter_plot": "trained_models\\9286c9d9-f6e7-4103-adff-238e5fa6f136\\cross_validation_data\\9286c9d9-f6e7-4103-adff-238e5fa6f136_cv_scatter_plot.png"
  },
  "cv_predictions": {
    "y_true_processed": "[-1.16510601 -1.2963553  -0.51430103  0.90626041  0.8806853  -1.10329042\n -1.33814613  1.0568815  -0.06222011  0.74127373  0.68859988 -0.06668215\n -0.16299693  0.50195598 -0.56762786  1.18083917  1.40307057 -1.3804811\n  1.10563745 -0.52278979 -0.70562463 -0.54553531  0.41227984 -0.68364092\n -0.63673507  1.30947654 -1.50803017 -1.27850714  0.31650921 -0.61137762\n -0.08583628  2.26903298  1.34060199  0.05586073 -0.4217953   1.41504189\n  1.27824225  1.00322818  0.97188506  0.80200102  1.77494358 -0.44530264\n -0.59646788  0.34045187 -0.46608922 -1.13256576  0.9076752  -0.48818176\n  0.33000416 -0.78202348 -1.04321611 -2.12063572 -1.26087664]",
    "y_pred_processed": "[-0.93910277 -1.2423263  -0.66185105 -0.10325931  0.5870637  -0.77820003\n -1.09536     1.0714219   0.731853    1.354587    0.17842054 -0.7579338\n -0.16389494  0.08540105  0.14622813  0.58898926  1.1621779  -0.9793334\n  1.2692226   0.37237483 -1.2891387  -0.0244674   0.31434757 -0.42160603\n -0.4941961   0.9895207  -0.5445713  -1.350191   -0.16691633 -0.0651481\n -0.2171188   1.7128731   1.3371856   0.00402061 -0.5252601  -0.30269143\n  0.6262258   0.61314577  0.38353205  0.73092675  0.7325532  -0.8259557\n -0.12859093  0.54936665  0.4137591  -0.910921    0.93986326  0.2176114\n  1.0241423  -1.2463272  -1.3364246  -0.33598384 -0.5576889 ]",
    "y_true_original": "[356.8  344.74 416.6  547.13 544.78 362.48 340.9  560.97 458.14 531.97\n 527.13 457.73 448.88 509.98 411.7  572.36 592.78 337.01 565.45 415.82\n 399.02 413.73 501.74 401.04 405.35 584.18 325.29 346.38 492.94 407.68\n 455.97 672.35 587.04 468.99 425.1  593.88 581.31 556.04 553.16 537.55\n 626.95 422.94 409.05 495.14 421.03 359.79 547.26 419.   494.18 392.\n 368.   269.   348.  ]",
    "y_pred_original": "[377.5666  349.70453 403.04218 454.36905 517.80023 392.35132 363.20868\n 562.306   531.1044  588.325   480.25156 394.2135  448.7975  471.70435\n 477.29352 517.9772  570.64526 373.86993 580.4812  498.07327 345.4031\n 461.60895 492.74136 425.1174  418.44736 554.78046 413.81857 339.79324\n 448.51987 457.87097 443.90695 621.2466  586.7261  464.22662 415.59302\n 436.044   521.3987  520.1968  499.09848 531.0192  531.1687  387.96323\n 452.04144 514.33636 501.87592 380.1561  550.21765 483.85266 557.96173\n 349.33688 341.0582  432.9849  412.61325]"
  }
}