{
  "layer_thickness": {
    "weight": 1890.0,
    "gain": 0.8381674289703369,
    "cover": 186.38941955566406,
    "sklearn_gain": 0.23654888570308685,
    "permutation_mean": 0.6420083957568749,
    "permutation_std": 0.012115855351923693
  },
  "hatch_distance": {
    "weight": 1707.0,
    "gain": 0.697575569152832,
    "cover": 199.4083251953125,
    "sklearn_gain": 0.1968708336353302,
    "permutation_mean": 0.5894719672508199,
    "permutation_std": 0.01612018467221792
  },
  "laser_power": {
    "weight": 1860.0,
    "gain": 0.9794272184371948,
    "cover": 207.53172302246094,
    "sklearn_gain": 0.2764154374599457,
    "permutation_mean": 0.7389891535043187,
    "permutation_std": 0.019683219011043102
  },
  "laser_velocity": {
    "weight": 1645.0,
    "gain": 1.0281459093093872,
    "cover": 201.3744659423828,
    "sklearn_gain": 0.29016488790512085,
    "permutation_mean": 0.7304857719068796,
    "permutation_std": 0.0070304625593137
  }
}