{
  "test_scores": {
    "MAE": {
      "scores": [
        0.27459077907689206,
        0.26384279718484954,
        0.257766776504904,
        0.2700949356549582,
        0.2599263586080752
      ],
      "mean": 0.2652443294059358,
      "std": 0.00627763340433548,
      "min": 0.257766776504904,
      "max": 0.27459077907689206
    },
    "MSE": {
      "scores": [
        0.152742440886022,
        0.14125735683504384,
        0.1340378112440367,
        0.15115934726993194,
        0.14618724087691223
      ],
      "mean": 0.14507683942238936,
      "std": 0.006832860737090587,
      "min": 0.1340378112440367,
      "max": 0.152742440886022
    },
    "R2": {
      "scores": [
        0.8619453171131517,
        0.8494707422631854,
        0.8626164444644304,
        0.8537280007997713,
        0.8452077581770878
      ],
      "mean": 0.8545936525635252,
      "std": 0.006833750623050856,
      "min": 0.8452077581770878,
      "max": 0.8626164444644304
    }
  },
  "train_scores": {
    "MAE": {
      "scores": [
        0.16328036501575327,
        0.1650414641273305,
        0.16551456379727927,
        0.1621298210049342,
        0.16465058971844895
      ],
      "mean": 0.16412336073274925,
      "std": 0.0012442807270477,
      "min": 0.1621298210049342,
      "max": 0.16551456379727927
    },
    "MSE": {
      "scores": [
        0.04973209906212225,
        0.05170282715282662,
        0.05248375765513338,
        0.04989629442011845,
        0.05115725406592704
      ],
      "mean": 0.05099444647122555,
      "std": 0.0010531681930339115,
      "min": 0.04973209906212225,
      "max": 0.05248375765513338
    },
    "R2": {
      "scores": [
        0.9488991036926772,
        0.9490801764018986,
        0.9478271435626485,
        0.949675693456947,
        0.9495414209512402
      ],
      "mean": 0.9490047076130823,
      "std": 0.000654490340492165,
      "min": 0.9478271435626485,
      "max": 0.949675693456947
    }
  },
  "fit_times": "[0.16551495 0.17091489 0.17066002 0.17424822 0.17192507]",
  "score_times": "[0.00112796 0.00105095 0.00097108 0.00095367 0.00089693]",
  "timing": {
    "fit_time_mean": 0.1706526279449463,
    "fit_time_std": 0.002863982759754201,
    "score_time_mean": 0.0010001182556152344,
    "score_time_std": 8.071536256989428e-05
  },
  "task_type": "regression",
  "cv_folds": 5,
  "data_shape": [
    2703,
    4
  ],
  "y_true": "[ 1.07188428  0.22800956 -1.89249615 ...  0.92041958 -0.09655764\n -0.01000639]",
  "y_pred_cv": "[ 0.97963923  0.1330426  -1.0519184  ...  0.76505345 -0.6411768\n -0.06874505]",
  "y_pred_proba_cv": null,
  "saved_files": {
    "original_data": "trained_models/10005/db5f7af0-8a73-4005-a5a9-cfaf8b5752a9/cross_validation_data/db5f7af0-8a73-4005-a5a9-cfaf8b5752a9_original_data.csv",
    "preprocessed_data": "trained_models/10005/db5f7af0-8a73-4005-a5a9-cfaf8b5752a9/cross_validation_data/db5f7af0-8a73-4005-a5a9-cfaf8b5752a9_preprocessed_data.csv",
    "cv_predictions_processed": "trained_models/10005/db5f7af0-8a73-4005-a5a9-cfaf8b5752a9/cross_validation_data/db5f7af0-8a73-4005-a5a9-cfaf8b5752a9_cv_predictions_processed.csv",
    "cv_predictions_original": "trained_models/10005/db5f7af0-8a73-4005-a5a9-cfaf8b5752a9/cross_validation_data/db5f7af0-8a73-4005-a5a9-cfaf8b5752a9_cv_predictions_original.csv",
    "scatter_plot": "trained_models/10005/db5f7af0-8a73-4005-a5a9-cfaf8b5752a9/cross_validation_data/db5f7af0-8a73-4005-a5a9-cfaf8b5752a9_cv_scatter_plot.png"
  },
  "cv_predictions": {
    "y_true_processed": "[ 1.07188428  0.22800956 -1.89249615 ...  0.92041958 -0.09655764\n -0.01000639]",
    "y_pred_processed": "[ 0.97963923  0.1330426  -1.0519184  ...  0.76505345 -0.6411768\n -0.06874505]",
    "y_true_original": "[97.5 93.6 83.8 ... 96.8 92.1 92.5]",
    "y_pred_original": "[97.073685 93.16111  87.68476  ... 96.08197  89.58302  92.22854 ]"
  }
}