feature,importance
feature_1,0.16455566883087158
feature_0,0.08878426998853683
