{
  "model_id": "9bd19f1c-6749-456a-b91d-45c2d97a99f2",
  "task_type": "classification",
  "algorithm": "XGBoost",
  "created_at": "2025-09-05T09:26:57.945344",
  "data_shape": {
    "n_samples": 30,
    "n_features": 2
  },
  "target_dimension": 3,
  "target_name": "target",
  "feature_names": [
    "f1",
    "f2"
  ],
  "model_params": {
    "random_state": 42,
    "n_jobs": -1,
    "enable_categorical": true
  },
  "optimization_results": {},
  "cross_validation_results": {
    "test_scores": {
      "ACCURACY": {
        "scores": [
          0.3333333333333333,
          0.3333333333333333,
          0.3333333333333333,
          0.6666666666666666,
          0.3333333333333333
        ],
        "mean": 0.39999999999999997,
        "std": 0.13333333333333333,
        "min": 0.3333333333333333,
        "max": 0.6666666666666666
      },
      "F1": {
        "scores": [
          0.3333333333333333,
          0.3666666666666667,
          0.31666666666666665,
          0.5416666666666666,
          0.3666666666666667
        ],
        "mean": 0.38499999999999995,
        "std": 0.08069145624606802,
        "min": 0.31666666666666665,
        "max": 0.5416666666666666
      },
      "PRECISION": {
        "scores": [
          0.4166666666666667,
          0.4166666666666667,
          0.5416666666666666,
          0.4666666666666666,
          0.4166666666666667
        ],
        "mean": 0.45166666666666666,
        "std": 0.048989794855663536,
        "min": 0.4166666666666667,
        "max": 0.5416666666666666
      },
      "RECALL": {
        "scores": [
          0.3333333333333333,
          0.3333333333333333,
          0.3333333333333333,
          0.6666666666666666,
          0.3333333333333333
        ],
        "mean": 0.39999999999999997,
        "std": 0.13333333333333333,
        "min": 0.3333333333333333,
        "max": 0.6666666666666666
      }
    },
    "train_scores": {
      "ACCURACY": {
        "scores": [
          1.0,
          0.9583333333333334,
          0.9583333333333334,
          0.9583333333333334,
          1.0
        ],
        "mean": 0.975,
        "std": 0.020412414523193135,
        "min": 0.9583333333333334,
        "max": 1.0
      },
      "F1": {
        "scores": [
          1.0,
          0.9573451910408431,
          0.9573451910408431,
          0.9576365663322185,
          1.0
        ],
        "mean": 0.974465389682781,
        "std": 0.02084919349302372,
        "min": 0.9573451910408431,
        "max": 1.0
      },
      "PRECISION": {
        "scores": [
          1.0,
          0.9618055555555555,
          0.9618055555555555,
          0.9618055555555555,
          1.0
        ],
        "mean": 0.9770833333333332,
        "std": 0.018711379979593764,
        "min": 0.9618055555555555,
        "max": 1.0
      },
      "RECALL": {
        "scores": [
          1.0,
          0.9583333333333334,
          0.9583333333333334,
          0.9583333333333334,
          1.0
        ],
        "mean": 0.975,
        "std": 0.020412414523193135,
        "min": 0.9583333333333334,
        "max": 1.0
      }
    },
    "fit_times": "[0.15590405 0.16172695 0.15763497 0.14233112 0.12865591]",
    "score_times": "[0.00209904 0.001755   0.00183105 0.00194907 0.00191593]",
    "timing": {
      "fit_time_mean": 0.14925060272216797,
      "fit_time_std": 0.012183972425548304,
      "score_time_mean": 0.0019100189208984375,
      "score_time_std": 0.00011623637103031493
    },
    "task_type": "classification",
    "cv_folds": 5,
    "data_shape": [
      30,
      2
    ],
    "y_true": "[1 0 2 2 1 0 2 1 2 2 0 2 0 2 1 2 0 0 1 2 2 1 2 2 0 2 2 1 1 0]",
    "y_pred_cv": "[2 0 2 1 0 1 2 2 1 2 2 2 2 0 2 2 2 2 1 1 2 0 0 1 0 0 2 0 1 0]",
    "y_pred_proba_cv": "[[0.13317542 0.07048765 0.7963369 ]\n [0.93390745 0.00662802 0.05946449]\n [0.02502016 0.20683889 0.7681409 ]\n [0.04416121 0.82225513 0.13358372]\n [0.9472826  0.01199535 0.0407221 ]\n [0.00702788 0.522001   0.4709711 ]\n [0.03235839 0.01420277 0.9534389 ]\n [0.11456725 0.08004535 0.80538744]\n [0.08039384 0.82771504 0.09189112]\n [0.02502016 0.20683889 0.7681409 ]\n [0.02387035 0.15665884 0.8194708 ]\n [0.06919964 0.3394905  0.59130985]\n [0.01314979 0.06698427 0.91986597]\n [0.76862854 0.17865035 0.05272115]\n [0.0293988  0.00862746 0.9619737 ]\n [0.05882631 0.05289298 0.88828075]\n [0.00522199 0.13439196 0.860386  ]\n [0.44159493 0.03791777 0.5204873 ]\n [0.160483   0.7680166  0.07150044]\n [0.13123779 0.6009533  0.26780894]\n [0.00615706 0.00771747 0.9861254 ]\n [0.94921887 0.0125937  0.03818744]\n [0.78618544 0.02134673 0.19246785]\n [0.12515196 0.81201464 0.06283345]\n [0.6347791  0.10735465 0.25786626]\n [0.8061352  0.13346161 0.06040318]\n [0.01909197 0.00640483 0.97450316]\n [0.53034526 0.3601142  0.10954058]\n [0.07036438 0.5543152  0.3753204 ]\n [0.84387106 0.12468784 0.0314411 ]]",
    "saved_files": {},
    "cv_predictions": {
      "y_true_processed": "[1 0 2 2 1 0 2 1 2 2 0 2 0 2 1 2 0 0 1 2 2 1 2 2 0 2 2 1 1 0]",
      "y_pred_processed": "[2 0 2 1 0 1 2 2 1 2 2 2 2 0 2 2 2 2 1 1 2 0 0 1 0 0 2 0 1 0]",
      "y_pred_proba_processed": "[[0.13317542 0.07048765 0.7963369 ]\n [0.93390745 0.00662802 0.05946449]\n [0.02502016 0.20683889 0.7681409 ]\n [0.04416121 0.82225513 0.13358372]\n [0.9472826  0.01199535 0.0407221 ]\n [0.00702788 0.522001   0.4709711 ]\n [0.03235839 0.01420277 0.9534389 ]\n [0.11456725 0.08004535 0.80538744]\n [0.08039384 0.82771504 0.09189112]\n [0.02502016 0.20683889 0.7681409 ]\n [0.02387035 0.15665884 0.8194708 ]\n [0.06919964 0.3394905  0.59130985]\n [0.01314979 0.06698427 0.91986597]\n [0.76862854 0.17865035 0.05272115]\n [0.0293988  0.00862746 0.9619737 ]\n [0.05882631 0.05289298 0.88828075]\n [0.00522199 0.13439196 0.860386  ]\n [0.44159493 0.03791777 0.5204873 ]\n [0.160483   0.7680166  0.07150044]\n [0.13123779 0.6009533  0.26780894]\n [0.00615706 0.00771747 0.9861254 ]\n [0.94921887 0.0125937  0.03818744]\n [0.78618544 0.02134673 0.19246785]\n [0.12515196 0.81201464 0.06283345]\n [0.6347791  0.10735465 0.25786626]\n [0.8061352  0.13346161 0.06040318]\n [0.01909197 0.00640483 0.97450316]\n [0.53034526 0.3601142  0.10954058]\n [0.07036438 0.5543152  0.3753204 ]\n [0.84387106 0.12468784 0.0314411 ]]"
    }
  },
  "feature_importance": {
    "feature_1": 0.16455566883087158,
    "feature_0": 0.08878426998853683
  },
  "validation_results": {},
  "preprocessing_applied": true,
  "target_preprocessing_applied": true,
  "scaling_method": "standard",
  "label_mapping": {
    "class_to_label": {
      "0": "A",
      "1": "B",
      "2": "C"
    },
    "label_to_class": {
      "A": 0,
      "B": 1,
      "C": 2
    },
    "classes": [
      "A",
      "B",
      "C"
    ]
  },
  "scoring_metric": "f1_weighted",
  "training_time_seconds": 2.438563
}