{
  "SiO2": {
    "weight": 149.0,
    "gain": 2.1431257724761963,
    "cover": 30.70469856262207,
    "sklearn_gain": 0.6709930300712585,
    "permutation_mean": 1.326018893658696,
    "permutation_std": 0.1447889805526069
  },
  "CeO2": {
    "weight": 100.0,
    "gain": 0.1737525761127472,
    "cover": 28.0,
    "sklearn_gain": 0.05440033599734306,
    "permutation_mean": 0.014877462912987926,
    "permutation_std": 0.0054564802365413565
  },
  "Lignin": {
    "weight": 110.0,
    "gain": 0.6509820818901062,
    "cover": 31.190908432006836,
    "sklearn_gain": 0.2038165181875229,
    "permutation_mean": 0.17319023108496653,
    "permutation_std": 0.028963027012381806
  },
  "2-VN": {
    "weight": 78.0,
    "gain": 0.22610102593898773,
    "cover": 29.69230842590332,
    "sklearn_gain": 0.07079015672206879,
    "permutation_mean": 0.012287120894209691,
    "permutation_std": 0.0025637425043387434
  }
}