{
  "model_id": "5784db34-b278-4a85-a405-c3be0efe38dd",
  "task_type": "regression",
  "algorithm": "XGBoost",
  "created_at": "2025-09-05T09:58:59.666439",
  "data_shape": {
    "n_samples": 50,
    "n_features": 3
  },
  "target_dimension": 1,
  "target_name": "target",
  "feature_names": [
    "feature1",
    "feature2",
    "feature3"
  ],
  "model_params": {
    "random_state": 42,
    "n_jobs": -1,
    "enable_categorical": true
  },
  "optimization_results": {},
  "cross_validation_results": {
    "test_scores": {
      "MAE": {
        "scores": [
          1.22889052409878,
          0.9988676110665906,
          0.7516586445340716
        ],
        "mean": 0.9931389265664808,
        "std": 0.1948712054799142,
        "min": 0.7516586445340716,
        "max": 1.22889052409878
      },
      "MSE": {
        "scores": [
          2.2775325061795115,
          1.6702497068761177,
          0.7522955002210956
        ],
        "mean": 1.5666925710922417,
        "std": 0.6269662624443032,
        "min": 0.7522955002210956,
        "max": 2.2775325061795115
      },
      "R2": {
        "scores": [
          -0.6894127343967973,
          -0.7548607276270354,
          -0.15255027428155676
        ],
        "mean": -0.5322745787684632,
        "std": 0.269831763040127,
        "min": -0.7548607276270354,
        "max": -0.15255027428155676
      }
    },
    "train_scores": {
      "MAE": {
        "scores": [
          0.0007943337036171067,
          0.000850555579526449,
          0.0007788866081379806
        ],
        "mean": 0.0008079252970938453,
        "std": 3.079674143907619e-05,
        "min": 0.0007788866081379806,
        "max": 0.000850555579526449
      },
      "MSE": {
        "scores": [
          1.043102035988513e-06,
          1.3936387940296404e-06,
          1.1477496579125415e-06
        ],
        "mean": 1.1948301626435652e-06,
        "std": 1.469272725507236e-07,
        "min": 1.043102035988513e-06,
        "max": 1.3936387940296404e-06
      },
      "R2": {
        "scores": [
          0.9999987106312563,
          0.9999986398279949,
          0.999999006122321
        ],
        "mean": 0.9999987855271907,
        "std": 1.5863991526302528e-07,
        "min": 0.9999986398279949,
        "max": 0.999999006122321
      }
    },
    "fit_times": "[0.06226087 0.06194782 0.0612669 ]",
    "score_times": "[0.00071621 0.00057602 0.00055718]",
    "timing": {
      "fit_time_mean": 0.061825195948282875,
      "fit_time_std": 0.00041494625648174195,
      "score_time_mean": 0.0006164709726969401,
      "score_time_std": 7.094367293164308e-05
    },
    "task_type": "regression",
    "cv_folds": 3,
    "data_shape": [
      50,
      3
    ],
    "y_true": "[[-1.0985992 ]\n [-0.61771718]\n [ 0.13714799]\n [-0.54650724]\n [-1.73351326]\n [ 0.10190875]\n [-1.17994881]\n [ 0.56101686]\n [-1.01799237]\n [ 1.78106968]\n [-0.86364018]\n [-0.34087108]\n [ 0.94632767]\n [-1.37101526]\n [ 0.28202128]\n [ 1.50586102]\n [-1.79791952]\n [ 0.23347716]\n [ 0.31877317]\n [ 0.91040156]\n [-1.3779143 ]\n [-1.47256973]\n [ 0.61582147]\n [ 0.36082882]\n [ 0.30812951]\n [ 0.41689662]\n [-0.74662876]\n [ 0.2874551 ]\n [ 0.35639427]\n [-0.78553868]\n [ 2.13908007]\n [ 0.56128946]\n [-1.32617237]\n [ 0.76840662]\n [-1.08062766]\n [ 0.91636583]\n [ 1.33748014]\n [-0.90606665]\n [ 1.11619542]\n [ 0.49208593]\n [ 0.95601124]\n [ 2.17424007]\n [-0.25396041]\n [-0.83018199]\n [-0.98408908]\n [-0.90054412]\n [-0.06320477]\n [ 0.41089324]\n [ 0.33782535]\n [ 0.96181836]]",
    "y_pred_cv": "[ 0.8183566  -0.49973777 -1.0800399   1.1159925   1.0431201  -0.3862046\n -0.23630767  0.08075389 -0.7586086   1.3532212  -0.30327263 -0.80573106\n -0.79619104  0.45915046 -0.6902817  -1.7245698   0.27299905  1.0260273\n -0.42417714  0.8171976  -0.47855482 -0.2932232  -0.1189393   0.18711981\n -1.0826573   1.2345309  -0.4133694   0.42058688  1.4583526  -0.3535903\n -0.3402119  -0.9644827   1.3405346   0.20596099  0.21924536  0.59430414\n  0.4569087   1.0869399   0.60006493  0.82357     0.3565625   1.3289531\n -0.51988244 -0.46575925  0.19812688  0.2874275  -0.8985019   0.4324939\n  0.4737258  -0.9345285 ]",
    "y_pred_proba_cv": null,
    "saved_files": {},
    "cv_predictions": {
      "y_true_processed": "[[-1.0985992 ]\n [-0.61771718]\n [ 0.13714799]\n [-0.54650724]\n [-1.73351326]\n [ 0.10190875]\n [-1.17994881]\n [ 0.56101686]\n [-1.01799237]\n [ 1.78106968]\n [-0.86364018]\n [-0.34087108]\n [ 0.94632767]\n [-1.37101526]\n [ 0.28202128]\n [ 1.50586102]\n [-1.79791952]\n [ 0.23347716]\n [ 0.31877317]\n [ 0.91040156]\n [-1.3779143 ]\n [-1.47256973]\n [ 0.61582147]\n [ 0.36082882]\n [ 0.30812951]\n [ 0.41689662]\n [-0.74662876]\n [ 0.2874551 ]\n [ 0.35639427]\n [-0.78553868]\n [ 2.13908007]\n [ 0.56128946]\n [-1.32617237]\n [ 0.76840662]\n [-1.08062766]\n [ 0.91636583]\n [ 1.33748014]\n [-0.90606665]\n [ 1.11619542]\n [ 0.49208593]\n [ 0.95601124]\n [ 2.17424007]\n [-0.25396041]\n [-0.83018199]\n [-0.98408908]\n [-0.90054412]\n [-0.06320477]\n [ 0.41089324]\n [ 0.33782535]\n [ 0.96181836]]",
      "y_pred_processed": "[ 0.8183566  -0.49973777 -1.0800399   1.1159925   1.0431201  -0.3862046\n -0.23630767  0.08075389 -0.7586086   1.3532212  -0.30327263 -0.80573106\n -0.79619104  0.45915046 -0.6902817  -1.7245698   0.27299905  1.0260273\n -0.42417714  0.8171976  -0.47855482 -0.2932232  -0.1189393   0.18711981\n -1.0826573   1.2345309  -0.4133694   0.42058688  1.4583526  -0.3535903\n -0.3402119  -0.9644827   1.3405346   0.20596099  0.21924536  0.59430414\n  0.4569087   1.0869399   0.60006493  0.82357     0.3565625   1.3289531\n -0.51988244 -0.46575925  0.19812688  0.2874275  -0.8985019   0.4324939\n  0.4737258  -0.9345285 ]"
    }
  },
  "feature_importance": {
    "feature_0": 0.11599495261907578,
    "feature_2": 0.08040644228458405,
    "feature_1": 0.073806531727314
  },
  "validation_results": {},
  "preprocessing_applied": true,
  "target_preprocessing_applied": true,
  "scaling_method": "standard",
  "label_mapping": null,
  "scoring_metric": "neg_mean_absolute_error",
  "training_time_seconds": 0.450345
}