{
  "Na2O": {
    "weight": 64.0,
    "gain": 1.1436488628387451,
    "cover": 18.913183212280273,
    "sklearn_gain": 0.017994366586208344,
    "permutation_mean": 0.014705882352941124,
    "permutation_std": 0.004650408323777012
  },
  "MgO": {
    "weight": 101.0,
    "gain": 5.776889801025391,
    "cover": 25.327041625976562,
    "sklearn_gain": 0.09089457243680954,
    "permutation_mean": 0.0029411764705882027,
    "permutation_std": 0.011004874666982177
  },
  "Al2O3": {
    "weight": 95.0,
    "gain": 2.340923547744751,
    "cover": 21.622682571411133,
    "sklearn_gain": 0.03683249279856682,
    "permutation_mean": 0.020588235294117595,
    "permutation_std": 0.005502437333491106
  },
  "SiO2": {
    "weight": 88.0,
    "gain": 6.412663459777832,
    "cover": 25.903745651245117,
    "sklearn_gain": 0.10089794546365738,
    "permutation_mean": 0.013235294117647012,
    "permutation_std": 0.0055024373334910705
  },
  "K2O": {
    "weight": 122.0,
    "gain": 2.6871607303619385,
    "cover": 22.61052894592285,
    "sklearn_gain": 0.04228024557232857,
    "permutation_mean": 0.044117647058823484,
    "permutation_std": 0.01470588235294119
  },
  "CaO": {
    "weight": 68.0,
    "gain": 2.5910377502441406,
    "cover": 22.62135124206543,
    "sklearn_gain": 0.04076782986521721,
    "permutation_mean": 0.011764705882352922,
    "permutation_std": 0.009974014681066576
  },
  "TiO2": {
    "weight": 126.0,
    "gain": 3.390000581741333,
    "cover": 26.02433204650879,
    "sklearn_gain": 0.05333884805440903,
    "permutation_mean": 0.05441176470588231,
    "permutation_std": 0.0036021907982105974
  },
  "Fe2O3": {
    "weight": 111.0,
    "gain": 3.7233328819274902,
    "cover": 24.078859329223633,
    "sklearn_gain": 0.05858355760574341,
    "permutation_mean": 0.03676470588235292,
    "permutation_std": 0.006576670522058182
  },
  "As2O3": {
    "weight": 11.0,
    "gain": 2.213688850402832,
    "cover": 20.17400360107422,
    "sklearn_gain": 0.03483055904507637,
    "permutation_mean": -0.008823529411764697,
    "permutation_std": 0.007204381596421127
  },
  "MnO": {
    "weight": 151.0,
    "gain": 3.997793436050415,
    "cover": 25.264802932739258,
    "sklearn_gain": 0.06290196627378464,
    "permutation_mean": 0.038235294117647034,
    "permutation_std": 0.021512851232834983
  },
  "CuO": {
    "weight": 27.0,
    "gain": 2.0545003414154053,
    "cover": 22.465280532836914,
    "sklearn_gain": 0.0323258601129055,
    "permutation_mean": 0.0014705882352941124,
    "permutation_std": 0.0055024373334910705
  },
  "ZnO": {
    "weight": 82.0,
    "gain": 1.8833190202713013,
    "cover": 24.959339141845703,
    "sklearn_gain": 0.029632464051246643,
    "permutation_mean": 0.014705882352941124,
    "permutation_std": 0.004650408323777012
  },
  "PbO2": {
    "weight": 25.0,
    "gain": 1.267438530921936,
    "cover": 19.728389739990234,
    "sklearn_gain": 0.019942093640565872,
    "permutation_mean": -0.007352941176470562,
    "permutation_std": 0.0
  },
  "Rb2O": {
    "weight": 62.0,
    "gain": 3.6326372623443604,
    "cover": 25.784748077392578,
    "sklearn_gain": 0.05715653672814369,
    "permutation_mean": 0.04264705882352939,
    "permutation_std": 0.008574929257125453
  },
  "SrO": {
    "weight": 47.0,
    "gain": 3.632340669631958,
    "cover": 27.1534366607666,
    "sklearn_gain": 0.05715186893939972,
    "permutation_mean": 0.05882352941176468,
    "permutation_std": 0.02711630722733201
  },
  "Y2O3": {
    "weight": 49.0,
    "gain": 7.790806293487549,
    "cover": 25.750389099121094,
    "sklearn_gain": 0.12258187681436539,
    "permutation_mean": 0.013235294117647012,
    "permutation_std": 0.0055024373334910705
  },
  "ZrO2": {
    "weight": 91.0,
    "gain": 4.565438270568848,
    "cover": 22.62942886352539,
    "sklearn_gain": 0.07183338701725006,
    "permutation_mean": 0.038235294117647034,
    "permutation_std": 0.020482923937035494
  },
  "P2O5": {
    "weight": 100.0,
    "gain": 4.45231819152832,
    "cover": 25.554208755493164,
    "sklearn_gain": 0.07005353271961212,
    "permutation_mean": 0.05294117647058823,
    "permutation_std": 0.021512851232835
  }
}