feature,importance
feature_0,0.6718847155570984
feature_1,0.19380836188793182
feature_3,0.07672110944986343
feature_2,0.04840579628944397
