{
  "report_metadata": {
    "generated_at": "2025-09-05T10:09:05.978846",
    "report_type": "training_report",
    "model_name": "Unknown",
    "model_id": "411de5d6-ee70-4d84-a4fc-3747125044d8",
    "report_version": "1.0.0"
  },
  "training_summary": {
    "task_type": "classification",
    "training_time_seconds": 0.543945,
    "model_path": null,
    "training_completed_at": null
  },
  "dataset_overview": {
    "n_samples": 40,
    "n_features": 2
  },
  "feature_names": [
    "feature1",
    "feature2"
  ],
  "model_configuration": {
    "hyperparameters": {},
    "model_info": {}
  },
  "hyperparameter_optimization": {},
  "cross_validation_results": {
    "test_scores": {
      "ACCURACY": {
        "scores": [
          0.42857142857142855,
          0.46153846153846156,
          0.38461538461538464
        ],
        "mean": 0.4249084249084249,
        "std": 0.03151034896352611,
        "min": 0.38461538461538464,
        "max": 0.46153846153846156
      },
      "F1": {
        "scores": [
          0.41666666666666663,
          0.46153846153846156,
          0.38461538461538464
        ],
        "mean": 0.42094017094017094,
        "std": 0.031548767222720944,
        "min": 0.38461538461538464,
        "max": 0.46153846153846156
      },
      "PRECISION": {
        "scores": [
          0.4222222222222222,
          0.46703296703296704,
          0.38461538461538464
        ],
        "mean": 0.4246235246235246,
        "std": 0.033689653830284674,
        "min": 0.38461538461538464,
        "max": 0.46703296703296704
      },
      "RECALL": {
        "scores": [
          0.42857142857142855,
          0.46153846153846156,
          0.38461538461538464
        ],
        "mean": 0.4249084249084249,
        "std": 0.03151034896352611,
        "min": 0.38461538461538464,
        "max": 0.46153846153846156
      }
    },
    "train_scores": {
      "ACCURACY": {
        "scores": [
          0.9615384615384616,
          0.9629629629629629,
          0.9629629629629629
        ],
        "mean": 0.9624881291547958,
        "std": 0.0006715164113831988,
        "min": 0.9615384615384616,
        "max": 0.9629629629629629
      },
      "F1": {
        "scores": [
          0.9614814814814814,
          0.9629629629629629,
          0.9628607918263091
        ],
        "mean": 0.9624350787569177,
        "std": 0.0006755839736016587,
        "min": 0.9614814814814814,
        "max": 0.9629629629629629
      },
      "PRECISION": {
        "scores": [
          0.9642857142857142,
          0.9656084656084656,
          0.9654320987654321
        ],
        "mean": 0.9651087595532039,
        "std": 0.0005864179113245567,
        "min": 0.9642857142857142,
        "max": 0.9656084656084656
      },
      "RECALL": {
        "scores": [
          0.9615384615384616,
          0.9629629629629629,
          0.9629629629629629
        ],
        "mean": 0.9624881291547958,
        "std": 0.0006715164113831988,
        "min": 0.9615384615384616,
        "max": 0.9629629629629629
      }
    },
    "fit_times": "[0.05284715 0.05227494 0.04528904]",
    "score_times": "[0.00186396 0.00172114 0.00162911]",
    "timing": {
      "fit_time_mean": 0.05013704299926758,
      "fit_time_std": 0.00343600612695545,
      "score_time_mean": 0.0017380714416503906,
      "score_time_std": 9.661827733203439e-05
    },
    "task_type": "classification",
    "cv_folds": 3,
    "data_shape": [
      40,
      2
    ],
    "y_true": "[0 1 1 1 1 1 1 1 0 1 0 1 1 1 0 0 0 0 1 0 1 1 0 0 0 0 0 0 0 0 1 0 0 1 0 1 1\n 0 1 1]",
    "y_pred_cv": "[0 1 0 0 0 0 1 0 1 0 1 0 0 1 1 0 0 1 0 1 1 1 1 0 0 0 1 0 1 1 1 0 1 0 1 0 1\n 0 1 0]",
    "y_pred_proba_cv": "[[0.56064737 0.43935263]\n [0.11257845 0.88742155]\n [0.5616718  0.4383282 ]\n [0.7308629  0.26913708]\n [0.99243456 0.00756546]\n [0.99243456 0.00756546]\n [0.03927529 0.9607247 ]\n [0.9460082  0.0539918 ]\n [0.48380005 0.51619995]\n [0.5351306  0.46486938]\n [0.21333313 0.78666687]\n [0.979299   0.02070102]\n [0.9405173  0.05948269]\n [0.1255629  0.8744371 ]\n [0.19804054 0.80195946]\n [0.74075013 0.25924987]\n [0.93453014 0.06546989]\n [0.01776618 0.9822338 ]\n [0.6255679  0.37443212]\n [0.19804054 0.80195946]\n [0.1210109  0.8789891 ]\n [0.01972294 0.98027706]\n [0.06460273 0.93539727]\n [0.82579714 0.17420286]\n [0.74075013 0.25924987]\n [0.76393974 0.23606023]\n [0.13138622 0.8686138 ]\n [0.9460082  0.0539918 ]\n [0.14173764 0.85826236]\n [0.17085505 0.82914495]\n [0.1333363  0.8666637 ]\n [0.7360767  0.2639233 ]\n [0.01972294 0.98027706]\n [0.51484734 0.48515266]\n [0.06460273 0.93539727]\n [0.69525707 0.30474296]\n [0.02061111 0.9793889 ]\n [0.7988539  0.20114611]\n [0.1255629  0.8744371 ]\n [0.9405173  0.05948269]]",
    "saved_files": {},
    "cv_predictions": "{'y_true_processed': array([0, 1, 1, 1, 1, 1, 1, 1, 0, 1, 0, 1, 1, 1, 0, 0, 0, 0, 1, 0, 1, 1,\n       0, 0, 0, 0, 0, 0, 0, 0, 1, 0, 0, 1, 0, 1, 1, 0, 1, 1]), 'y_pred_processed': array([0, 1, 0, 0, 0, 0, 1, 0, 1, 0, 1, 0, 0, 1, 1, 0, 0, 1, 0, 1, 1, 1,\n       1, 0, 0, 0, 1, 0, 1, 1, 1, 0, 1, 0, 1, 0, 1, 0, 1, 0]), 'y_pred_proba_processed': array([[0.56064737, 0.43935263],\n       [0.11257845, 0.88742155],\n       [0.5616718 , 0.4383282 ],\n       [0.7308629 , 0.26913708],\n       [0.99243456, 0.00756546],\n       [0.99243456, 0.00756546],\n       [0.03927529, 0.9607247 ],\n       [0.9460082 , 0.0539918 ],\n       [0.48380005, 0.51619995],\n       [0.5351306 , 0.46486938],\n       [0.21333313, 0.78666687],\n       [0.979299  , 0.02070102],\n       [0.9405173 , 0.05948269],\n       [0.1255629 , 0.8744371 ],\n       [0.19804054, 0.80195946],\n       [0.74075013, 0.25924987],\n       [0.93453014, 0.06546989],\n       [0.01776618, 0.9822338 ],\n       [0.6255679 , 0.37443212],\n       [0.19804054, 0.80195946],\n       [0.1210109 , 0.8789891 ],\n       [0.01972294, 0.98027706],\n       [0.06460273, 0.93539727],\n       [0.82579714, 0.17420286],\n       [0.74075013, 0.25924987],\n       [0.76393974, 0.23606023],\n       [0.13138622, 0.8686138 ],\n       [0.9460082 , 0.0539918 ],\n       [0.14173764, 0.85826236],\n       [0.17085505, 0.82914495],\n       [0.1333363 , 0.8666637 ],\n       [0.7360767 , 0.2639233 ],\n       [0.01972294, 0.98027706],\n       [0.51484734, 0.48515266],\n       [0.06460273, 0.93539727],\n       [0.69525707, 0.30474296],\n       [0.02061111, 0.9793889 ],\n       [0.7988539 , 0.20114611],\n       [0.1255629 , 0.8744371 ],\n       [0.9405173 , 0.05948269]], dtype=float32)}"
  },
  "feature_importance": {
    "feature_1": 0.260562926530838,
    "feature_0": 0.22212566435337067
  },
  "recommendations": [
    "⚠️ Low classification performance (accuracy < 70%). Consider reviewing data quality, feature selection, or trying different algorithms.",
    "📊 F1-score could be improved. Consider addressing class imbalance or adjusting classification threshold."
  ],
  "raw_training_results": {
    "model_id": "411de5d6-ee70-4d84-a4fc-3747125044d8",
    "task_type": "classification",
    "algorithm": "XGBoost",
    "created_at": "2025-09-05T10:09:05.975485",
    "data_shape": {
      "n_samples": 40,
      "n_features": 2
    },
    "target_dimension": 2,
    "target_name": "target",
    "feature_names": [
      "feature1",
      "feature2"
    ],
    "model_params": {
      "random_state": 42,
      "n_jobs": -1,
      "enable_categorical": true
    },
    "optimization_results": {},
    "cross_validation_results": {
      "test_scores": {
        "ACCURACY": {
          "scores": [
            0.42857142857142855,
            0.46153846153846156,
            0.38461538461538464
          ],
          "mean": 0.4249084249084249,
          "std": 0.03151034896352611,
          "min": 0.38461538461538464,
          "max": 0.46153846153846156
        },
        "F1": {
          "scores": [
            0.41666666666666663,
            0.46153846153846156,
            0.38461538461538464
          ],
          "mean": 0.42094017094017094,