{
  "test_scores": {
    "MAE": {
      "scores": [
        0.21117090002538133,
        0.30628859586452606,
        0.233186457229772,
        0.29358667961349144,
        0.19223709964727648
      ],
      "mean": 0.24729394647608943,
      "std": 0.0450744670922278,
      "min": 0.19223709964727648,
      "max": 0.30628859586452606
    },
    "MSE": {
      "scores": [
        0.08734088443311497,
        0.13860417937686054,
        0.08426708319905253,
        0.15439895869452894,
        0.052302714652189095
      ],
      "mean": 0.10338276407114921,
      "std": 0.037616812241752715,
      "min": 0.052302714652189095,
      "max": 0.15439895869452894
    },
    "R2": {
      "scores": [
        0.8841806354618194,
        0.861542895753951,
        0.9282779456559314,
        0.8400854180515981,
        0.9402082473447699
      ],
      "mean": 0.8908590284536139,
      "std": 0.03825576257881654,
      "min": 0.8400854180515981,
      "max": 0.9402082473447699
    }
  },
  "train_scores": {
    "MAE": {
      "scores": [
        0.0007012514406905231,
        0.0015831075301494788,
        0.0030059401016124428,
        0.009271453543806403,
        0.0006845756993984672
      ],
      "mean": 0.003049265663131463,
      "std": 0.0032240362346280397,
      "min": 0.0006845756993984672,
      "max": 0.009271453543806403
    },
    "MSE": {
      "scores": [
        9.285642214476668e-07,
        6.102037684964783e-06,
        6.765708699269491e-05,
        0.0007963405962949945,
        9.155476292557885e-07
      ],
      "mean": 0.00017438876656467153,
      "std": 0.0003119992155538057,
      "min": 9.155476292557885e-07,
      "max": 0.0007963405962949945
    },
    "R2": {
      "scores": [
        0.9999991203820706,
        0.999993891946414,
        0.9999273808877375,
        0.9991916959752805,
        0.9999990976511163
      ],
      "mean": 0.9998222373685237,
      "std": 0.00031643958740228324,
      "min": 0.9991916959752805,
      "max": 0.9999991203820706
    }
  },
  "fit_times": "[0.15303445 0.16776848 0.1631515  0.1740756  0.16265821]",
  "score_times": "[0.00190568 0.00300145 0.0030179  0.00309634 0.00306511]",
  "timing": {
    "fit_time_mean": 0.1641376495361328,
    "fit_time_std": 0.0069048987098975535,
    "score_time_mean": 0.0028172969818115235,
    "score_time_std": 0.0004570511050237243
  },
  "task_type": "regression",
  "cv_folds": 5,
  "data_shape": [
    53,
    4
  ],
  "y_true": "[-1.47028788 -1.81596969 -0.57407578 -0.26680307 -0.34362124 -0.80453032\n -1.47028788  0.3157348   0.09808329  1.0006969   0.00206056 -0.75971972\n -0.68290154 -0.60608336 -0.01714398  0.7894469   0.52698479 -1.43187879\n  0.83425751 -0.67009851 -1.57911363 -0.8365379   0.59099994 -0.54206821\n -0.41403791  1.28876507 -1.78396211 -1.72634848 -0.42043942 -0.22839398\n -0.29881064  0.71262872  0.93668175  0.16209844 -0.65729548  0.96868932\n  0.96868932  1.01990144  0.30933328  1.42319688  0.84065902 -0.52286366\n -0.83013638  0.01486359  0.30933328 -1.71994696  1.20554538  0.46296964\n  1.08391659  1.78168172  1.78040142  1.60858476  1.43715219]",
  "y_pred_cv": "[-1.6922321  -1.6288832   0.3311542   0.5328004  -0.15465243 -0.52790534\n -1.6995183   0.11633141 -0.03950351  0.75379574 -0.34972525 -0.8222728\n -0.49863213 -0.48410535 -0.0219203   0.15229289  0.6414263  -1.339578\n  0.6304501  -0.3845508  -1.30839    -0.70719916  0.3027422  -0.24360055\n -0.6044866   1.1264944  -1.3359766  -1.6664382  -0.49393398 -0.23585975\n -0.6572132   0.78733575  0.6433662  -0.30065322 -1.1529325   0.70583445\n  0.4164961   1.0142423   0.75290215  0.8704082   0.7764637  -0.4554981\n -0.5737065   0.08214705 -0.25150457 -1.1095942   1.364484    0.42580184\n  1.203006    1.7945963   1.6829782   1.5384246   1.5489013 ]",
  "y_pred_proba_cv": null,
  "saved_files": {
    "original_data": "trained_models\\c4201b41-2ff9-48f9-87fb-ba8f6d2cfd12\\cross_validation_data\\c4201b41-2ff9-48f9-87fb-ba8f6d2cfd12_original_data.csv",
    "preprocessed_data": "trained_models\\c4201b41-2ff9-48f9-87fb-ba8f6d2cfd12\\cross_validation_data\\c4201b41-2ff9-48f9-87fb-ba8f6d2cfd12_preprocessed_data.csv",
    "cv_predictions_processed": "trained_models\\c4201b41-2ff9-48f9-87fb-ba8f6d2cfd12\\cross_validation_data\\c4201b41-2ff9-48f9-87fb-ba8f6d2cfd12_cv_predictions_processed.csv",
    "cv_predictions_original": "trained_models\\c4201b41-2ff9-48f9-87fb-ba8f6d2cfd12\\cross_validation_data\\c4201b41-2ff9-48f9-87fb-ba8f6d2cfd12_cv_predictions_original.csv",
    "scatter_plot": "trained_models\\c4201b41-2ff9-48f9-87fb-ba8f6d2cfd12\\cross_validation_data\\c4201b41-2ff9-48f9-87fb-ba8f6d2cfd12_cv_scatter_plot.png"
  },
  "cv_predictions": {
    "y_true_processed": "[-1.47028788 -1.81596969 -0.57407578 -0.26680307 -0.34362124 -0.80453032\n -1.47028788  0.3157348   0.09808329  1.0006969   0.00206056 -0.75971972\n -0.68290154 -0.60608336 -0.01714398  0.7894469   0.52698479 -1.43187879\n  0.83425751 -0.67009851 -1.57911363 -0.8365379   0.59099994 -0.54206821\n -0.41403791  1.28876507 -1.78396211 -1.72634848 -0.42043942 -0.22839398\n -0.29881064  0.71262872  0.93668175  0.16209844 -0.65729548  0.96868932\n  0.96868932  1.01990144  0.30933328  1.42319688  0.84065902 -0.52286366\n -0.83013638  0.01486359  0.30933328 -1.71994696  1.20554538  0.46296964\n  1.08391659  1.78168172  1.78040142  1.60858476  1.43715219]",
    "y_pred_processed": "[-1.6922321  -1.6288832   0.3311542   0.5328004  -0.15465243 -0.52790534\n -1.6995183   0.11633141 -0.03950351  0.75379574 -0.34972525 -0.8222728\n -0.49863213 -0.48410535 -0.0219203   0.15229289  0.6414263  -1.339578\n  0.6304501  -0.3845508  -1.30839    -0.70719916  0.3027422  -0.24360055\n -0.6044866   1.1264944  -1.3359766  -1.6664382  -0.49393398 -0.23585975\n -0.6572132   0.78733575  0.6433662  -0.30065322 -1.1529325   0.70583445\n  0.4164961   1.0142423   0.75290215  0.8704082   0.7764637  -0.4554981\n -0.5737065   0.08214705 -0.25150457 -1.1095942   1.364484    0.42580184\n  1.203006    1.7945963   1.6829782   1.5384246   1.5489013 ]",
    "y_true_original": "[1.84   1.3    3.24   3.72   3.6    2.88   1.84   4.63   4.29   5.7\n 4.14   2.95   3.07   3.19   4.11   5.37   4.96   1.9    5.44   3.09\n 1.67   2.83   5.06   3.29   3.49   6.15   1.35   1.44   3.48   3.78\n 3.67   5.25   5.6    4.39   3.11   5.65   5.65   5.73   4.62   6.36\n 5.45   3.32   2.84   4.16   4.62   1.45   6.02   4.86   5.83   6.92\n 6.918  6.6496 6.3818]",
    "y_pred_original": "[1.4932941 1.5922533 4.654087  4.9690847 3.8951938 3.3121243 1.4819123\n 4.318506  4.0750713 5.314308  3.5904648 2.852284  3.3578527 3.3805456\n 4.1025386 4.3746824 5.1387725 2.0441859 5.1216264 3.5360627 2.0929055\n 3.032044  4.609704  3.7562454 3.1924944 5.896512  2.0498118 1.5335876\n 3.365192  3.7683375 3.1101286 5.366702  5.141803  3.6671216 2.3357503\n 5.2393866 4.787402  5.7211595 5.3129125 5.496472  5.3497186 3.4252338\n 3.2405767 4.2651057 3.7438982 2.4034505 6.268283  4.801939  6.016033\n 6.940174  6.765812  6.540001  6.5563664]"
  }
}