{
  "feature_1": 0.260562926530838,
  "feature_0": 0.22212566435337067
}