{
  "test_scores": {
    "ACCURACY": {
      "scores": [
        1.0,
        0.9285714285714286,
        0.8571428571428571,
        0.8928571428571429,
        0.8888888888888888
      ],
      "mean": 0.9134920634920635,
      "std": 0.0488208142832689,
      "min": 0.8571428571428571,
      "max": 1.0
    },
    "F1": {
      "scores": [
        1.0,
        0.9285714285714286,
        0.8548665620094191,
        0.8916149068322982,
        0.8886588451805842
      ],
      "mean": 0.912742348518746,
      "std": 0.049478173181039954,
      "min": 0.8548665620094191,
      "max": 1.0
    },
    "PRECISION": {
      "scores": [
        1.0,
        0.9285714285714286,
        0.8952380952380953,
        0.8937074829931974,
        0.8950617283950618
      ],
      "mean": 0.9225157470395567,
      "std": 0.04091012158513398,
      "min": 0.8937074829931974,
      "max": 1.0
    },
    "RECALL": {
      "scores": [
        1.0,
        0.9285714285714286,
        0.8571428571428571,
        0.8928571428571429,
        0.8888888888888888
      ],
      "mean": 0.9134920634920635,
      "std": 0.0488208142832689,
      "min": 0.8571428571428571,
      "max": 1.0
    }
  },
  "train_scores": {
    "ACCURACY": {
      "scores": [
        1.0,
        1.0,
        1.0,
        1.0,
        1.0
      ],
      "mean": 1.0,
      "std": 0.0,
      "min": 1.0,
      "max": 1.0
    },
    "F1": {
      "scores": [
        1.0,
        1.0,
        1.0,
        1.0,
        1.0
      ],
      "mean": 1.0,
      "std": 0.0,
      "min": 1.0,
      "max": 1.0
    },
    "PRECISION": {
      "scores": [
        1.0,
        1.0,
        1.0,
        1.0,
        1.0
      ],
      "mean": 1.0,
      "std": 0.0,
      "min": 1.0,
      "max": 1.0
    },
    "RECALL": {
      "scores": [
        1.0,
        1.0,
        1.0,
        1.0,
        1.0
      ],
      "mean": 1.0,
      "std": 0.0,
      "min": 1.0,
      "max": 1.0
    }
  },
  "fit_times": "[0.54903483 0.53965998 0.52788091 0.54997873 0.53246307]",
  "score_times": "[0.00295901 0.00266504 0.00271416 0.00265908 0.00269198]",
  "timing": {
    "fit_time_mean": 0.5398035049438477,
    "fit_time_std": 0.008772725605292148,
    "score_time_mean": 0.0027378559112548827,
    "score_time_std": 0.00011232390916283074
  },
  "task_type": "classification",
  "cv_folds": 5,
  "data_shape": [
    139,
    18
  ],
  "y_true": "[3 3 3 3 3 3 3 3 3 3 3 3 3 3 3 3 3 3 3 3 0 0 0 0 0 0 0 0 0 0 0 0 0 0 0 0 0\n 0 0 0 3 3 3 3 3 3 3 3 3 3 3 3 3 3 3 3 3 3 0 0 0 0 0 0 0 0 0 0 0 0 0 0 0 0\n 0 0 0 0 0 0 2 2 2 2 2 2 2 2 2 2 2 2 2 2 2 2 2 2 2 2 2 3 3 3 3 3 3 3 3 3 3\n 3 3 3 3 3 3 3 3 1 1 1 1 1 1 1 1 1 1 1 1 1 1 1 1 1 1 1 1]",
  "y_pred_cv": "[3 3 3 3 3 3 0 3 3 3 3 3 3 3 3 3 3 3 3 3 0 3 0 0 0 0 0 0 0 0 0 0 0 0 3 3 0\n 0 3 3 3 0 3 3 3 3 3 3 3 3 3 3 3 3 3 3 3 3 0 3 0 0 0 0 3 0 0 0 0 0 0 0 0 0\n 0 0 0 0 0 0 2 2 2 2 2 2 2 2 2 2 2 2 2 2 2 2 2 2 2 2 3 3 3 3 3 3 3 3 3 3 3\n 3 0 3 3 3 3 3 3 1 1 1 1 1 1 1 1 1 1 1 1 1 1 1 1 1 3 1 1]",
  "y_pred_proba_cv": "[[0.23475392 0.07858656 0.0615802  0.62507933]\n [0.01618315 0.01796409 0.02581829 0.94003445]\n [0.22711445 0.02801687 0.01543136 0.72943735]\n [0.09871926 0.00993221 0.00986574 0.8814828 ]\n [0.2190569  0.05434539 0.04260599 0.68399173]\n [0.0626658  0.01419567 0.01221593 0.9109226 ]\n [0.93510914 0.00719591 0.00752548 0.0501694 ]\n [0.0120623  0.01027779 0.01220099 0.9654589 ]\n [0.00961591 0.01459809 0.01475419 0.9610318 ]\n [0.34335276 0.12098243 0.04625707 0.48940778]\n [0.01101681 0.00765997 0.00489379 0.97642946]\n [0.03084974 0.01720219 0.01609954 0.9358485 ]\n [0.02209387 0.00792906 0.01220764 0.9577694 ]\n [0.02755368 0.0221817  0.02040028 0.9298644 ]\n [0.0357442  0.01714512 0.01659199 0.9305186 ]\n [0.02428346 0.01366712 0.01295395 0.9490955 ]\n [0.0290299  0.01525262 0.03533467 0.9203828 ]\n [0.01923079 0.01560587 0.00804005 0.95712334]\n [0.02514353 0.01569807 0.01670665 0.9424517 ]\n [0.05846402 0.26503235 0.03948418 0.63701946]\n [0.9230898  0.01360575 0.0111959  0.05210851]\n [0.12774739 0.00856843 0.00778791 0.8558963 ]\n [0.9812912  0.00542027 0.00480287 0.00848569]\n [0.86154014 0.01593289 0.01886008 0.10366683]\n [0.9846287  0.00378275 0.00500524 0.00658338]\n [0.95610577 0.00622268 0.00606001 0.03161158]\n [0.83181787 0.01350118 0.01247326 0.14220767]\n [0.9498884  0.01786648 0.00882053 0.02342454]\n [0.9505656  0.00717746 0.00724553 0.03501147]\n [0.97093844 0.01400893 0.00476947 0.01028314]\n [0.9845946  0.00364231 0.00347097 0.00829213]\n [0.9413613  0.00769193 0.00825653 0.04269021]\n [0.97843415 0.00548427 0.00598061 0.01010098]\n [0.9694167  0.00845273 0.00656874 0.01556185]\n [0.27325314 0.02689553 0.02429707 0.6755542 ]\n [0.02394162 0.01478337 0.01234362 0.94893146]\n [0.8902781  0.02723957 0.01331771 0.06916457]\n [0.9621764  0.00807759 0.00542992 0.02431605]\n [0.02040741 0.01494857 0.04425034 0.9203937 ]\n [0.00958971 0.01016596 0.01048479 0.9697595 ]\n [0.01360608 0.00913963 0.00866331 0.968591  ]\n [0.81956387 0.0160581  0.02191189 0.14246613]\n [0.01953638 0.00985315 0.0135221  0.9570884 ]\n [0.10875718 0.02548633 0.02348599 0.8422705 ]\n [0.12152764 0.15133697 0.11760367 0.6095317 ]\n [0.10872188 0.01829029 0.3736494  0.49933848]\n [0.1911389  0.02396952 0.01937317 0.7655185 ]\n [0.01473216 0.02286191 0.10513502 0.85727096]\n [0.39350694 0.06347121 0.02302303 0.5199988 ]\n [0.01698244 0.01698381 0.03003835 0.9359954 ]\n [0.00609208 0.00684737 0.00655926 0.9805013 ]\n [0.22458057 0.03451689 0.03352822 0.70737433]\n [0.0160832  0.01694602 0.18143378 0.785537  ]\n [0.0301121  0.03681511 0.0197128  0.91336   ]\n [0.00968983 0.0085036  0.00758405 0.9742225 ]\n [0.00620425 0.01035369 0.01313453 0.97030747]\n [0.0066506  0.00999712 0.00719004 0.9761622 ]\n [0.03004753 0.01230619 0.0532227  0.90442353]\n [0.98350704 0.0042969  0.00532878 0.00686731]\n [0.13641286 0.06718811 0.02982705 0.766572  ]\n [0.71493375 0.05006589 0.02718315 0.20781721]\n [0.9686432  0.0143282  0.00584541 0.01118317]\n [0.90400386 0.01138838 0.01426918 0.07033855]\n [0.9709362  0.00534487 0.00484483 0.01887408]\n [0.0519641  0.02151627 0.02042851 0.90609115]\n [0.95112556 0.03352695 0.00558989 0.00975758]\n [0.9516086  0.03069021 0.00755984 0.01014127]\n [0.8670022  0.02035119 0.03144047 0.08120614]\n [0.96251655 0.01757047 0.00607899 0.01383401]\n [0.9723406  0.01471956 0.00506341 0.00787642]\n [0.81028754 0.0094201  0.00917385 0.17111848]\n [0.9401403  0.00568023 0.04529077 0.00888868]\n [0.974536   0.0051163  0.00639427 0.01395341]\n [0.98406905 0.00491311 0.00423841 0.00677942]\n [0.9651589  0.02103045 0.00649918 0.0073115 ]\n [0.9740902  0.00707206 0.00812626 0.01071144]\n [0.46409193 0.11634751 0.04040304 0.37915757]\n [0.97689724 0.0042572  0.00401979 0.0148257 ]\n [0.9784284  0.00884604 0.00462586 0.00809973]\n [0.97868735 0.00682182 0.00433045 0.01016038]\n [0.05900212 0.04942065 0.5365576  0.35501963]\n [0.00983096 0.0162081  0.9405829  0.03337809]\n [0.02835132 0.01649221 0.7024911  0.25266537]\n [0.00552512 0.00591105 0.9627501  0.02581377]\n [0.0142465  0.01029427 0.9020237  0.07343562]\n [0.01095103 0.01106424 0.9620462  0.01593856]\n [0.02239066 0.03074922 0.84338605 0.10347404]\n [0.01236818 0.00801699 0.9629052  0.0167096 ]\n [0.03576874 0.02333248 0.78759676 0.15330198]\n [0.00570632 0.00571156 0.977011   0.0115711 ]\n [0.00616183 0.00632585 0.9792788  0.00823353]\n [0.01371459 0.23489492 0.67946106 0.07192939]\n [0.00647319 0.00620047 0.96990716 0.01741912]\n [0.00865939 0.01087152 0.968293   0.01217611]\n [0.01185266 0.02223852 0.9384699  0.02743887]\n [0.00755373 0.00584606 0.9797707  0.00682946]\n [0.01601156 0.00832384 0.9059878  0.06967684]\n [0.13141853 0.12304638 0.6056308  0.13990426]\n [0.06501145 0.04761572 0.60745513 0.27991772]\n [0.02055187 0.03258985 0.58191967 0.36493862]\n [0.02148085 0.01515273 0.06807905 0.89528733]\n [0.03121587 0.0159629  0.02662674 0.9261944 ]\n [0.01345785 0.01155111 0.00772113 0.96726996]\n [0.0434537  0.01369308 