SiO2,CeO2,Lignin,2-VN
-1.384785723159973,-0.9998219880898948,1.4954558000473388,-0.6648814754948814
