{
  "test_scores": {
    "MAE": {
      "scores": [
        0.2009758230118016,
        0.2548546629161858,
        0.2406079793085486,
        0.23511204044383477,
        0.2084924511994871
      ],
      "mean": 0.22800859137597157,
      "std": 0.020206758349110107,
      "min": 0.2009758230118016,
      "max": 0.2548546629161858
    },
    "MSE": {
      "scores": [
        0.0603737913781879,
        0.09371576951858235,
        0.08996145882823249,
        0.09006739916934635,
        0.0656166275899648
      ],
      "mean": 0.07994700929686278,
      "std": 0.014005434289503184,
      "min": 0.0603737913781879,
      "max": 0.09371576951858235
    },
    "R2": {
      "scores": [
        0.9289260261562119,
        0.8991612075443435,
        0.9211986559062908,
        0.7885758707883366,
        0.9479528427933998
      ],
      "mean": 0.8971629206377164,
      "std": 0.056500209168132004,
      "min": 0.7885758707883366,
      "max": 0.9479528427933998
    }
  },
  "train_scores": {
    "MAE": {
      "scores": [
        0.0034150877901876994,
        0.007491824935396766,
        0.006666125311551229,
        0.007323893850844064,
        0.009904421192331212
      ],
      "mean": 0.006960270616062194,
      "std": 0.002085072526127711,
      "min": 0.0034150877901876994,
      "max": 0.009904421192331212
    },
    "MSE": {
      "scores": [
        1.866478823074338e-05,
        8.863735741697124e-05,
        0.00023073861649896258,
        0.0002409210880677092,
        0.00016028017198812042
      ],
      "mean": 0.00014784840444050136,
      "std": 8.471388944403127e-05,
      "min": 1.866478823074338e-05,
      "max": 0.0002409210880677092
    },
    "R2": {
      "scores": [
        0.9999819263930035,
        0.9999128603382036,
        0.9997603155099449,
        0.9997817244161035,
        0.9998140832563465
      ],
      "mean": 0.9998501819827205,
      "std": 8.40841308321204e-05,
      "min": 0.9997603155099449,
      "max": 0.9999819263930035
    }
  },
  "fit_times": "[0.07848001 0.07354093 0.07441425 0.07688189 0.07736397]",
  "score_times": "[0.00062585 0.00050616 0.00059295 0.00053    0.00051403]",
  "timing": {
    "fit_time_mean": 0.07613620758056641,
    "fit_time_std": 0.001857817640792221,
    "score_time_mean": 0.0005537986755371094,
    "score_time_std": 4.720312161378128e-05
  },
  "task_type": "regression",
  "cv_folds": 5,
  "data_shape": [
    53,
    4
  ],
  "y_true": "[-1.56379271 -1.57473265 -0.52449806  0.43821699 -0.06502042 -0.73235699\n -1.43251338  1.31341249 -0.1853598   0.78829519  0.05531896 -1.11525502\n -0.56825783 -0.80893659  0.47103682  0.05531896  0.50385665 -0.85269637\n  0.64607592 -0.59013772 -1.44345333 -0.63389749  0.98521418 -0.21817963\n -0.17441986  1.51033147 -1.33405389 -1.67319215 -0.3603989  -0.02126065\n -0.76517682  0.56949631  0.18659829 -0.03220059 -0.80893659  0.21941812\n  0.03343907  0.88675468 -0.0103207   0.96333429  0.32881755 -0.80893659\n -0.7104771  -0.63389749  0.18659829 -1.312174    1.03991389  0.46009688\n  0.46009688  2.21048787  2.3417672   2.12296832  2.17766804]",
  "y_pred_cv": "[-1.4300355  -1.4057382  -0.41727605  0.7841986   0.07009923 -0.75493306\n -1.4892838   1.3749602  -0.38021186  0.3775012  -0.22264123 -0.86209303\n -0.5289312  -0.4134944   0.5678877  -0.36155435  0.41281885 -1.2959516\n  0.44599038 -0.5249228  -1.3286633  -0.6355964   0.5558263  -0.18741705\n -0.42849842  1.2285664  -1.0475975  -1.4500351  -0.6961412   0.06208486\n -0.3782303   0.4703303  -0.03838487 -0.5253309  -0.8523859   0.48053774\n  0.01181023  0.2978521   0.00730273  0.30467457  0.68841434 -0.8739477\n -0.6215265  -0.39308482 -0.0218615  -0.8706254   1.1265274   0.22778833\n  1.0789686   2.3357968   2.2059453   1.6798266   1.8808635 ]",
  "y_pred_proba_cv": null,
  "saved_files": {
    "original_data": "trained_models/d967699b-7cba-4d7a-ac72-c52b4cf2db03/cross_validation_data/d967699b-7cba-4d7a-ac72-c52b4cf2db03_original_data.csv",
    "preprocessed_data": "trained_models/d967699b-7cba-4d7a-ac72-c52b4cf2db03/cross_validation_data/d967699b-7cba-4d7a-ac72-c52b4cf2db03_preprocessed_data.csv",
    "cv_predictions_processed": "trained_models/d967699b-7cba-4d7a-ac72-c52b4cf2db03/cross_validation_data/d967699b-7cba-4d7a-ac72-c52b4cf2db03_cv_predictions_processed.csv",
    "cv_predictions_original": "trained_models/d967699b-7cba-4d7a-ac72-c52b4cf2db03/cross_validation_data/d967699b-7cba-4d7a-ac72-c52b4cf2db03_cv_predictions_original.csv",
    "scatter_plot": "trained_models/d967699b-7cba-4d7a-ac72-c52b4cf2db03/cross_validation_data/d967699b-7cba-4d7a-ac72-c52b4cf2db03_cv_scatter_plot.png"
  },
  "cv_predictions": {
    "y_true_processed": "[-1.56379271 -1.57473265 -0.52449806  0.43821699 -0.06502042 -0.73235699\n -1.43251338  1.31341249 -0.1853598   0.78829519  0.05531896 -1.11525502\n -0.56825783 -0.80893659  0.47103682  0.05531896  0.50385665 -0.85269637\n  0.64607592 -0.59013772 -1.44345333 -0.63389749  0.98521418 -0.21817963\n -0.17441986  1.51033147 -1.33405389 -1.67319215 -0.3603989  -0.02126065\n -0.76517682  0.56949631  0.18659829 -0.03220059 -0.80893659  0.21941812\n  0.03343907  0.88675468 -0.0103207   0.96333429  0.32881755 -0.80893659\n -0.7104771  -0.63389749  0.18659829 -1.312174    1.03991389  0.46009688\n  0.46009688  2.21048787  2.3417672   2.12296832  2.17766804]",
    "y_pred_processed": "[-1.4300355  -1.4057382  -0.41727605  0.7841986   0.07009923 -0.75493306\n -1.4892838   1.3749602  -0.38021186  0.3775012  -0.22264123 -0.86209303\n -0.5289312  -0.4134944   0.5678877  -0.36155435  0.41281885 -1.2959516\n  0.44599038 -0.5249228  -1.3286633  -0.6355964   0.5558263  -0.18741705\n -0.42849842  1.2285664  -1.0475975  -1.4500351  -0.6961412   0.06208486\n -0.3782303   0.4703303  -0.03838487 -0.5253309  -0.8523859   0.48053774\n  0.01181023  0.2978521   0.00730273  0.30467457  0.68841434 -0.8739477\n -0.6215265  -0.39308482 -0.0218615  -0.8706254   1.1265274   0.22778833\n  1.0789686   2.3357968   2.2059453   1.6798266   1.8808635 ]",
    "y_true_original": "[28.8 28.7 38.3 47.1 42.5 36.4 30.  55.1 41.4 50.3 43.6 32.9 37.9 35.7\n 47.4 43.6 47.7 35.3 49.  37.7 29.9 37.3 52.1 41.1 41.5 56.9 30.9 27.8\n 39.8 42.9 36.1 48.3 44.8 42.8 35.7 45.1 43.4 51.2 43.  51.9 46.1 35.7\n 36.6 37.3 44.8 31.1 52.6 47.3 47.3 63.3 64.5 62.5 63. ]",
    "y_pred_original": "[30.02265  30.244747 39.280098 50.262554 43.735104 36.193638 29.481071\n 55.662598 39.618893 46.54501  41.05922  35.214108 38.259476 39.314663\n 48.285297 39.78944  46.86784  31.248285 47.171055 38.296116 30.949274\n 37.28447  48.175045 41.381195 39.177517 54.324436 33.518444 29.839838\n 36.73104  43.661846 39.637005 47.393543 42.74347  38.29239  35.302837\n 47.486847 43.202293 45.81695  43.16109  45.879314 49.38701  35.105747\n 37.413082 39.501225 42.89451  35.136116 53.39172  45.17651  52.956993\n 64.44543  63.258476 58.449326 60.286964]"
  }
}