{
  "Na2O": {
    "weight": 20.0,
    "gain": 0.48948603868484497,
    "cover": 13.526449203491211,
    "sklearn_gain": 0.01773068681359291,
    "permutation_mean": 0.0,
    "permutation_std": 0.0
  },
  "MgO": {
    "weight": 34.0,
    "gain": 1.30965256690979,
    "cover": 11.32285213470459,
    "sklearn_gain": 0.047439634799957275,
    "permutation_mean": 0.00588235294117645,
    "permutation_std": 0.002941176470588225
  },
  "Al2O3": {
    "weight": 26.0,
    "gain": 0.6092283129692078,
    "cover": 11.781015396118164,
    "sklearn_gain": 0.022068118676543236,
    "permutation_mean": 0.004411764705882337,
    "permutation_std": 0.0036021907982105427
  },
  "SiO2": {
    "weight": 23.0,
    "gain": 0.6607962846755981,
    "cover": 13.383275985717773,
    "sklearn_gain": 0.023936070501804352,
    "permutation_mean": 0.0,
    "permutation_std": 0.0
  },
  "K2O": {
    "weight": 62.0,
    "gain": 4.165096282958984,
    "cover": 19.029865264892578,
    "sklearn_gain": 0.15087257325649261,
    "permutation_mean": 0.14705882352941177,
    "permutation_std": 0.02751218666745543
  },
  "CaO": {
    "weight": 45.0,
    "gain": 2.8201935291290283,
    "cover": 20.728084564208984,
    "sklearn_gain": 0.10215606540441513,
    "permutation_mean": -0.002941176470588225,
    "permutation_std": 0.0036021907982105427
  },
  "TiO2": {
    "weight": 52.0,
    "gain": 1.069634199142456,
    "cover": 13.970231056213379,
    "sklearn_gain": 0.03874543309211731,
    "permutation_mean": 0.007352941176470585,
    "permutation_std": 0.004650408323777048
  },
  "Fe2O3": {
    "weight": 71.0,
    "gain": 0.8883857131004333,
    "cover": 13.770931243896484,
    "sklearn_gain": 0.032180055975914,
    "permutation_mean": 0.008823529411764697,
    "permutation_std": 0.0029411764705882686
  },
  "As2O3": {
    "weight": 6.0,
    "gain": 0.9447299838066101,
    "cover": 12.976716041564941,
    "sklearn_gain": 0.034221019595861435,
    "permutation_mean": 0.0,
    "permutation_std": 0.0
  },
  "MnO": {
    "weight": 85.0,
    "gain": 3.613355875015259,
    "cover": 17.245119094848633,
    "sklearn_gain": 0.13088683784008026,
    "permutation_mean": 0.11029411764705885,
    "permutation_std": 0.010398629135096281
  },
  "CuO": {
    "weight": 7.0,
    "gain": 0.62055504322052,
    "cover": 12.908770561218262,
    "sklearn_gain": 0.022478409111499786,
    "permutation_mean": 0.007352941176470562,
    "permutation_std": 0.0
  },
  "ZnO": {
    "weight": 18.0,
    "gain": 0.4673689305782318,
    "cover": 11.015026092529297,
    "sklearn_gain": 0.016929537057876587,
    "permutation_mean": -0.0014705882352941124,
    "permutation_std": 0.002941176470588225
  },
  "PbO2": {
    "weight": 21.0,
    "gain": 1.1611900329589844,
    "cover": 13.652093887329102,
    "sklearn_gain": 0.04206186905503273,
    "permutation_mean": 0.0,
    "permutation_std": 0.004650408323777012
  },
  "Rb2O": {
    "weight": 32.0,
    "gain": 3.321777582168579,
    "cover": 22.382003784179688,
    "sklearn_gain": 0.12032497674226761,
    "permutation_mean": -0.002941176470588225,
    "permutation_std": 0.0036021907982105427
  },
  "SrO": {
    "weight": 63.0,
    "gain": 1.5418651103973389,
    "cover": 15.838022232055664,
    "sklearn_gain": 0.05585108697414398,
    "permutation_mean": 0.007352941176470562,
    "permutation_std": 0.0
  },
  "Y2O3": {
    "weight": 34.0,
    "gain": 0.9384921789169312,
    "cover": 12.764543533325195,
    "sklearn_gain": 0.033995065838098526,
    "permutation_mean": 0.002941176470588225,
    "permutation_std": 0.0036021907982105427
  },
  "ZrO2": {
    "weight": 14.0,
    "gain": 1.509087324142456,
    "cover": 14.387890815734863,
    "sklearn_gain": 0.054663773626089096,
    "permutation_mean": 0.0,
    "permutation_std": 0.0
  },
  "P2O5": {
    "weight": 47.0,
    "gain": 1.4758232831954956,
    "cover": 13.21337890625,
    "sklearn_gain": 0.05345885083079338,
    "permutation_mean": 0.002941176470588225,
    "permutation_std": 0.0036021907982105436
  }
}