{
  "SiO2": {
    "weight": 65.0,
    "gain": 2.003936767578125,
    "cover": 31.369230270385742,
    "sklearn_gain": 0.5819994211196899,
    "permutation_mean": 1.1811036609022545,
    "permutation_std": 0.1193425181197328
  },
  "CeO2": {
    "weight": 69.0,
    "gain": 0.19595380127429962,
    "cover": 31.565217971801758,
    "sklearn_gain": 0.056910477578639984,
    "permutation_mean": 0.02453420108089701,
    "permutation_std": 0.008840935334981932
  },
  "lignin": {
    "weight": 48.0,
    "gain": 0.8427953720092773,
    "cover": 33.79166793823242,
    "sklearn_gain": 0.24477140605449677,
    "permutation_mean": 0.16144941941917562,
    "permutation_std": 0.02291277077936962
  },
  "vinyl": {
    "weight": 44.0,
    "gain": 0.40050774812698364,
    "cover": 33.8636360168457,
    "sklearn_gain": 0.11631868034601212,
    "permutation_mean": 0.030471952987341778,
    "permutation_std": 0.004960078993775519
  }
}