{
  "test_scores": {
    "MAE": {
      "scores": [
        0.1900926975876506,
        0.3277522796021719,
        0.2601484120806092,
        0.37731641616086853,
        0.25927814305093017
      ],
      "mean": 0.2829175896964461,
      "std": 0.06421060245601186,
      "min": 0.1900926975876506,
      "max": 0.37731641616086853
    },
    "MSE": {
      "scores": [
        0.051809629354264426,
        0.2053335930400255,
        0.10400942855092099,
        0.17076960670917532,
        0.1137268535515106
      ],
      "mean": 0.12912982224117936,
      "std": 0.05364249096785579,
      "min": 0.051809629354264426,
      "max": 0.2053335930400255
    },
    "R2": {
      "scores": [
        0.9227202788116405,
        0.7686658374132285,
        0.9227480732730365,
        0.7968736119029205,
        0.8681097876574217
      ],
      "mean": 0.8558235178116496,
      "std": 0.06352413374741703,
      "min": 0.7686658374132285,
      "max": 0.9227480732730365
    }
  },
  "train_scores": {
    "MAE": {
      "scores": [
        0.16636760994854694,
        0.15162513914274006,
        0.15054939623138458,
        0.12587390099022744,
        0.12893503366423598
      ],
      "mean": 0.144670215995427,
      "std": 0.015196118197482587,
      "min": 0.12587390099022744,
      "max": 0.16636760994854694
    },
    "MSE": {
      "scores": [
        0.039465263929145,
        0.03795560296181535,
        0.0372247533260431,
        0.026836832824916456,
        0.032840892869421615
      ],
      "mean": 0.034864669182268306,
      "std": 0.004578889995732397,
      "min": 0.026836832824916456,
      "max": 0.039465263929145
    },
    "R2": {
      "scores": [
        0.9629995329460181,
        0.962569829044152,
        0.9570321702125621,
        0.9738134357874154,
        0.9672709741531915
      ],
      "mean": 0.9647371884286677,
      "std": 0.005583592664289261,
      "min": 0.9570321702125621,
      "max": 0.9738134357874154
    }
  },
  "fit_times": "[0.05155611 0.04665709 0.04839802 0.04812312 0.04864097]",
  "score_times": "[0.00063705 0.00043774 0.00045013 0.00053    0.00041318]",
  "timing": {
    "fit_time_mean": 0.0486750602722168,
    "fit_time_std": 0.0015971990353576804,
    "score_time_mean": 0.000493621826171875,
    "score_time_std": 8.170916028487962e-05
  },
  "task_type": "regression",
  "cv_folds": 5,
  "data_shape": [
    53,
    4
  ],
  "y_true": "[-1.36697217 -1.46719303 -0.58524947  0.69089613  0.07620819 -1.03958403\n -1.50059998  1.31226545 -0.26454273  0.93810758 -0.11087074 -0.83914231\n -0.75228424 -0.72555868  0.02275707  0.2833313   1.09846095 -1.35360939\n  1.11182373 -0.59861225 -1.30683965 -0.84582371  0.76439142 -0.4248961\n -0.53179835  1.57952107 -1.44714886 -1.50728137 -0.58524947 -0.30463107\n -0.73224007  1.42584909  0.61071944 -0.46498444 -1.06630959  0.90470062\n  0.57063109  0.82452394  0.22319879  1.35903518  1.35235379 -0.73224007\n -0.83246092 -0.35808219 -0.13759631 -1.4137419   1.43921187  0.10961515\n  0.83120533  1.85452711  1.46286399  0.84710704  1.6022378 ]",
  "y_pred_cv": "[-1.3888031  -1.0707135  -0.13793278  1.0023065   0.15492351 -0.96523386\n -1.1710546   0.8137321  -0.02272005  0.88843995 -0.29648876 -0.95943254\n -0.50128645 -0.28037375  0.72190017 -0.19649434  1.1514547  -1.1301608\n  1.1619608  -0.4276514  -1.5387412  -0.7504593   0.64832234 -0.05566605\n -0.7539974   1.1059256  -0.26945135 -1.408838   -0.60240537 -0.02290968\n -1.1500462   0.9650798   0.89529246 -0.42075688 -0.7680277   0.45682478\n  0.35515764  0.8540643   0.16868314  0.8355665   0.8816594  -0.71322095\n -0.5466101  -0.5281265   0.01459146 -0.66569304  1.0119183  -0.01943128\n  1.1620203   1.3032951   1.4508798   1.3095449   1.4252008 ]",
  "y_pred_proba_cv": null,
  "saved_files": {
    "original_data": "trained_models/10667/0fe010d1-ab2c-4e0b-b24a-282a1820f935/cross_validation_data/0fe010d1-ab2c-4e0b-b24a-282a1820f935_original_data.csv",
    "preprocessed_data": "trained_models/10667/0fe010d1-ab2c-4e0b-b24a-282a1820f935/cross_validation_data/0fe010d1-ab2c-4e0b-b24a-282a1820f935_preprocessed_data.csv",
    "cv_predictions_processed": "trained_models/10667/0fe010d1-ab2c-4e0b-b24a-282a1820f935/cross_validation_data/0fe010d1-ab2c-4e0b-b24a-282a1820f935_cv_predictions_processed.csv",
    "cv_predictions_original": "trained_models/10667/0fe010d1-ab2c-4e0b-b24a-282a1820f935/cross_validation_data/0fe010d1-ab2c-4e0b-b24a-282a1820f935_cv_predictions_original.csv",
    "scatter_plot": "trained_models/10667/0fe010d1-ab2c-4e0b-b24a-282a1820f935/cross_validation_data/0fe010d1-ab2c-4e0b-b24a-282a1820f935_cv_scatter_plot.png"
  },
  "cv_predictions": {
    "y_true_processed": "[-1.36697217 -1.46719303 -0.58524947  0.69089613  0.07620819 -1.03958403\n -1.50059998  1.31226545 -0.26454273  0.93810758 -0.11087074 -0.83914231\n -0.75228424 -0.72555868  0.02275707  0.2833313   1.09846095 -1.35360939\n  1.11182373 -0.59861225 -1.30683965 -0.84582371  0.76439142 -0.4248961\n -0.53179835  1.57952107 -1.44714886 -1.50728137 -0.58524947 -0.30463107\n -0.73224007  1.42584909  0.61071944 -0.46498444 -1.06630959  0.90470062\n  0.57063109  0.82452394  0.22319879  1.35903518  1.35235379 -0.73224007\n -0.83246092 -0.35808219 -0.13759631 -1.4137419   1.43921187  0.10961515\n  0.83120533  1.85452711  1.46286399  0.84710704  1.6022378 ]",
    "y_pred_processed": "[-1.3888031  -1.0707135  -0.13793278  1.0023065   0.15492351 -0.96523386\n -1.1710546   0.8137321  -0.02272005  0.88843995 -0.29648876 -0.95943254\n -0.50128645 -0.28037375  0.72190017 -0.19649434  1.1514547  -1.1301608\n  1.1619608  -0.4276514  -1.5387412  -0.7504593   0.64832234 -0.05566605\n -0.7539974   1.1059256  -0.26945135 -1.408838   -0.60240537 -0.02290968\n -1.1500462   0.9650798   0.89529246 -0.42075688 -0.7680277   0.45682478\n  0.35515764  0.8540643   0.16868314  0.8355665   0.8816594  -0.71322095\n -0.5466101  -0.5281265   0.01459146 -0.66569304  1.0119183  -0.01943128\n  1.1620203   1.3032951   1.4508798   1.3095449   1.4252008 ]",
    "y_true_original": "[1.32   1.17   2.49   4.4    3.48   1.81   1.12   5.33   2.97   4.77\n 3.2    2.11   2.24   2.28   3.4    3.79   5.01   1.34   5.03   2.47\n 1.41   2.1    4.51   2.73   2.57   5.73   1.2    1.11   2.49   2.91\n 2.27   5.5    4.28   2.67   1.77   4.72   4.22   4.6    3.7    5.4\n 5.39   2.27   2.12   2.83   3.16   1.25   5.52   3.53   4.61   6.1416\n 5.5554 4.6338 5.764 ]",
    "y_pred_original": "[1.2873256 1.7634087 3.1594963 4.866086  3.597813  1.9212794 1.6132287\n 4.583848  3.3319347 4.695663  2.9221866 1.9299623 2.615667  2.9463058\n 4.4464035 3.0718477 5.0893154 1.6744342 5.10504   2.725876  1.0629141\n 2.2427313 4.33628   3.2826245 2.237436  5.0211725 2.9626534 1.2573395\n 2.4643228 3.3316507 1.6446718 4.810369  4.705919  2.736195  2.2164369\n 4.049667  3.8975022 4.6442127 3.6184068 4.6165276 4.6855145 2.298466\n 2.5478313 2.5754957 3.3877785 2.3696005 4.880472  3.3368568 5.1051292\n 5.316574  5.5374637 5.325928  5.4990296]"
  }
}