{
  "test_scores": {
    "MAE": {
      "scores": [
        0.09858238117861048,
        0.17892150527442305,
        0.15570281333286123,
        0.24586680020551577,
        0.2614382097778322
      ],
      "mean": 0.18810234195384856,
      "std": 0.05977076666866844,
      "min": 0.09858238117861048,
      "max": 0.2614382097778322
    },
    "MSE": {
      "scores": [
        0.01315498765373929,
        0.05448437819041452,
        0.052748412013092105,
        0.08639720262377946,
        0.14310810569813462
      ],
      "mean": 0.06997861723583201,
      "std": 0.043320591693550375,
      "min": 0.01315498765373929,
      "max": 0.14310810569813462
    },
    "R2": {
      "scores": [
        0.9803778990356046,
        0.9386164834690074,
        0.9608216628379602,
        0.8972325810848347,
        0.8340360446187655
      ],
      "mean": 0.9222169342092345,
      "std": 0.05204239677026169,
      "min": 0.8340360446187655,
      "max": 0.9803778990356046
    }
  },
  "train_scores": {
    "MAE": {
      "scores": [
        0.07286980771499905,
        0.06838688524769651,
        0.07709154269553074,
        0.07265887818748558,
        0.06086087819542158
      ],
      "mean": 0.07037359840822668,
      "std": 0.005495875090453974,
      "min": 0.06086087819542158,
      "max": 0.07709154269553074
    },
    "MSE": {
      "scores": [
        0.010839397774309669,
        0.007875692393000714,
        0.013603256751048686,
        0.010515696990428876,
        0.007133616703632265
      ],
      "mean": 0.009993532122484041,
      "std": 0.0023100916893960964,
      "min": 0.007133616703632265,
      "max": 0.013603256751048686
    },
    "R2": {
      "scores": [
        0.9898375751153367,
        0.9922333334300536,
        0.9842980176251445,
        0.989739103109653,
        0.9928906827715456
      ],
      "mean": 0.9897997424103465,
      "std": 0.0030249086471545016,
      "min": 0.9842980176251445,
      "max": 0.9928906827715456
    }
  },
  "fit_times": "[0.99580622 0.92322326 1.08291864 0.88577366 0.88093567]",
  "score_times": "[0.01808929 0.01139688 0.01647806 0.01300097 0.01200008]",
  "timing": {
    "fit_time_mean": 0.9537314891815185,
    "fit_time_std": 0.07656089613139073,
    "score_time_mean": 0.014193058013916016,
    "score_time_std": 0.002624907799846273
  },
  "task_type": "regression",
  "cv_folds": 5,
  "data_shape": [
    53,
    4
  ],
  "y_true": "[-1.36697217 -1.46719303 -0.58524947  0.69089613  0.07620819 -1.03958403\n -1.50059998  1.31226545 -0.26454273  0.93810758 -0.11087074 -0.83914231\n -0.75228424 -0.72555868  0.02275707  0.2833313   1.09846095 -1.35360939\n  1.11182373 -0.59861225 -1.30683965 -0.84582371  0.76439142 -0.4248961\n -0.53179835  1.57952107 -1.44714886 -1.50728137 -0.58524947 -0.30463107\n -0.73224007  1.42584909  0.61071944 -0.46498444 -1.06630959  0.90470062\n  0.57063109  0.82452394  0.22319879  1.35903518  1.35235379 -0.73224007\n -0.83246092 -0.35808219 -0.13759631 -1.4137419   1.43921187  0.10961515\n  0.83120533  1.85452711  1.46286399  0.84710704  1.6022378 ]",
  "y_pred_cv": "[-1.2987982  -1.412945   -0.4263829   0.64149386  0.10453369 -0.8352843\n -1.3134196   1.283099   -0.25933164  0.69919866 -0.2225389  -0.8738211\n -0.7386811  -0.5584425   0.91231954 -0.12086381  1.1258324  -1.2414925\n  1.5053852  -0.43592465 -1.4213986  -0.836256    0.8665483  -0.09718435\n -0.76450926  1.407949   -1.0651925  -1.5103269  -0.7498585  -0.05393907\n -0.77431554  0.98733884  0.49639332 -0.48533872 -1.1111788   0.52509516\n  0.5369464   0.6173813   0.22975343  0.83471507  0.80403495 -0.81554383\n -0.6563772  -0.27568293 -0.06864326 -1.0117998   1.3088222   0.12518229\n  1.0472528   1.4672891   1.542448    1.4710214   1.4880236 ]",
  "y_pred_proba_cv": null,
  "saved_files": {
    "original_data": "trained_models\\0e996c43-ef6f-4094-80ef-488598b13436\\cross_validation_data\\0e996c43-ef6f-4094-80ef-488598b13436_original_data.csv",
    "preprocessed_data": "trained_models\\0e996c43-ef6f-4094-80ef-488598b13436\\cross_validation_data\\0e996c43-ef6f-4094-80ef-488598b13436_preprocessed_data.csv",
    "cv_predictions_processed": "trained_models\\0e996c43-ef6f-4094-80ef-488598b13436\\cross_validation_data\\0e996c43-ef6f-4094-80ef-488598b13436_cv_predictions_processed.csv",
    "cv_predictions_original": "trained_models\\0e996c43-ef6f-4094-80ef-488598b13436\\cross_validation_data\\0e996c43-ef6f-4094-80ef-488598b13436_cv_predictions_original.csv",
    "scatter_plot": "trained_models\\0e996c43-ef6f-4094-80ef-488598b13436\\cross_validation_data\\0e996c43-ef6f-4094-80ef-488598b13436_cv_scatter_plot.png"
  },
  "cv_predictions": {
    "y_true_processed": "[-1.36697217 -1.46719303 -0.58524947  0.69089613  0.07620819 -1.03958403\n -1.50059998  1.31226545 -0.26454273  0.93810758 -0.11087074 -0.83914231\n -0.75228424 -0.72555868  0.02275707  0.2833313   1.09846095 -1.35360939\n  1.11182373 -0.59861225 -1.30683965 -0.84582371  0.76439142 -0.4248961\n -0.53179835  1.57952107 -1.44714886 -1.50728137 -0.58524947 -0.30463107\n -0.73224007  1.42584909  0.61071944 -0.46498444 -1.06630959  0.90470062\n  0.57063109  0.82452394  0.22319879  1.35903518  1.35235379 -0.73224007\n -0.83246092 -0.35808219 -0.13759631 -1.4137419   1.43921187  0.10961515\n  0.83120533  1.85452711  1.46286399  0.84710704  1.6022378 ]",
    "y_pred_processed": "[-1.2987982  -1.412945   -0.4263829   0.64149386  0.10453369 -0.8352843\n -1.3134196   1.283099   -0.25933164  0.69919866 -0.2225389  -0.8738211\n -0.7386811  -0.5584425   0.91231954 -0.12086381  1.1258324  -1.2414925\n  1.5053852  -0.43592465 -1.4213986  -0.836256    0.8665483  -0.09718435\n -0.76450926  1.407949   -1.0651925  -1.5103269  -0.7498585  -0.05393907\n -0.77431554  0.98733884  0.49639332 -0.48533872 -1.1111788   0.52509516\n  0.5369464   0.6173813   0.22975343  0.83471507  0.80403495 -0.81554383\n -0.6563772  -0.27568293 -0.06864326 -1.0117998   1.3088222   0.12518229\n  1.0472528   1.4672891   1.542448    1.4710214   1.4880236 ]",
    "y_true_original": "[1.32   1.17   2.49   4.4    3.48   1.81   1.12   5.33   2.97   4.77\n 3.2    2.11   2.24   2.28   3.4    3.79   5.01   1.34   5.03   2.47\n 1.41   2.1    4.51   2.73   2.57   5.73   1.2    1.11   2.49   2.91\n 2.27   5.5    4.28   2.67   1.77   4.72   4.22   4.6    3.7    5.4\n 5.39   2.27   2.12   2.83   3.16   1.25   5.52   3.53   4.61   6.1416\n 5.5554 4.6338 5.764 ]",
    "y_pred_original": "[1.4220356 1.2511926 2.7277749 4.32606   3.5223947 2.1157744 1.4001518\n 5.286347  2.9777994 4.4124265 3.032867  2.0580966 2.2603598 2.5301218\n 4.7314034 3.1850433 5.0509667 1.5078048 5.6190414 2.7134936 1.2385402\n 2.11432   4.6628976 3.2204843 2.2217028 5.473209  1.771672  1.1054418\n 2.2436306 3.2852094 2.207026  4.843684  4.1088886 2.639536  1.7028446\n 4.151847  4.1695843 4.289971  3.7098103 4.615253  4.5693345 2.1453197\n 2.3835435 2.9533265 3.2632017 1.8515844 5.3248463 3.5532992 4.9333572\n 5.562023  5.6745133 5.5676093 5.593056 ]"
  }
}