{
  "test_scores": {
    "MAE": {
      "scores": [
        0.4788924948452344,
        0.8571449545738301,
        0.3802008722967177,
        0.4869805386764584,
        0.7020207932654063
      ],
      "mean": 0.5810479307315294,
      "std": 0.17348656907973845,
      "min": 0.3802008722967177,
      "max": 0.8571449545738301
    },
    "MSE": {
      "scores": [
        0.41480255222351287,
        0.8953712476467584,
        0.2934508541125563,
        0.4881395979956869,
        0.6512815352457552
      ],
      "mean": 0.548609157444854,
      "std": 0.20854356827518689,
      "min": 0.2934508541125563,
      "max": 0.8953712476467584
    },
    "R2": {
      "scores": [
        0.2676606611215846,
        0.33270486584424486,
        0.35523044035564555,
        0.6072676188801973,
        0.37619764445675064
      ],
      "mean": 0.3878122461316845,
      "std": 0.11561172986377062,
      "min": 0.2676606611215846,
      "max": 0.6072676188801973
    }
  },
  "train_scores": {
    "MAE": {
      "scores": [
        0.02647143274798556,
        0.024803159335469584,
        0.030265244423270953,
        0.025404853354112147,
        0.02283447864429998
      ],
      "mean": 0.025955833701027643,
      "std": 0.0024581276645475785,
      "min": 0.02283447864429998,
      "max": 0.030265244423270953
    },
    "MSE": {
      "scores": [
        0.001072463402353593,
        0.0009089923779453759,
        0.0012701543471003427,
        0.0010567242050962427,
        0.0008923769770602024
      ],
      "mean": 0.0010401422619111512,
      "std": 0.0001365723601346128,
      "min": 0.0008923769770602024,
      "max": 0.0012701543471003427
    },
    "R2": {
      "scores": [
        0.999036832620598,
        0.9989801358550073,
        0.9988491127478792,
        0.99883676206306,
        0.9990723848718301
      ],
      "mean": 0.9989550456316749,
      "std": 9.622879674786469e-05,
      "min": 0.99883676206306,
      "max": 0.9990723848718301
    }
  },
  "fit_times": "[3.75733328 3.62778926 3.70791912 3.87756634 3.70047593]",
  "score_times": "[0.02015305 0.01917696 0.01819348 0.01639581 0.0179956 ]",
  "timing": {
    "fit_time_mean": 3.7342167854309083,
    "fit_time_std": 0.08275300256228231,
    "score_time_mean": 0.018382978439331055,
    "score_time_std": 0.0012568506288851927
  },
  "task_type": "regression",
  "cv_folds": 5,
  "data_shape": [
    53,
    4
  ],
  "y_true": "[ 0.46097687 -1.72912698 -0.71732462  0.21122818  1.63927835  0.84520561\n  0.79525588  1.74173935  0.78116749  1.23583817  1.53041354  0.28807393\n -0.78136274  0.55063024 -0.27033851  1.33189536  0.21122818 -1.77139215\n  0.48274983  0.05113287 -1.06441125 -0.89022756  0.35467358 -0.47013746\n -0.29595376  0.6851103  -2.60132624 -1.08874574  0.06609218  0.15359387\n -0.18580819  0.56984168  0.77476368  1.03731999 -0.01075357  0.32224467\n  1.55602879  1.07574286  0.06778278 -0.01418602  0.59033388  0.25733563\n -1.73040775  0.46738068 -0.55722931 -2.50398829  0.0639405   0.25605487\n  0.21635123 -0.54442168 -0.68530556 -1.36154815 -1.3974095 ]",
  "y_pred_cv": "[ 0.17950293 -0.85725796 -0.66973734  0.32628548  0.8412659  -0.01021852\n -0.3369439   0.70966786  0.17710438  0.4057206   1.0414612   0.33321536\n -0.22799605  0.6469704  -0.01210741  0.32727003  0.43505493 -0.18952371\n -0.01390563  0.69522446 -0.39956272 -0.7639253   0.17547187 -0.22250926\n  0.05215538  0.81096375 -0.7768916  -0.18041244 -0.3042146   0.11904266\n -0.084335    0.7817013   0.81000185  0.41357997 -0.78199446 -0.5720266\n  0.3521996   0.32392675  0.8647413  -0.01329454  0.5393244  -0.08510558\n -0.13266465  0.24532066  0.6306764  -0.8264519   0.31335017  0.4675467\n  0.6464492  -0.92686903 -1.2957435  -0.45971563 -0.6750508 ]",
  "y_pred_proba_cv": null,
  "saved_files": {
    "original_data": "trained_models\\bb39af00-c7c4-43f4-b239-ce4d2627291d\\cross_validation_data\\bb39af00-c7c4-43f4-b239-ce4d2627291d_original_data.csv",
    "preprocessed_data": "trained_models\\bb39af00-c7c4-43f4-b239-ce4d2627291d\\cross_validation_data\\bb39af00-c7c4-43f4-b239-ce4d2627291d_preprocessed_data.csv",
    "cv_predictions_processed": "trained_models\\bb39af00-c7c4-43f4-b239-ce4d2627291d\\cross_validation_data\\bb39af00-c7c4-43f4-b239-ce4d2627291d_cv_predictions_processed.csv",
    "cv_predictions_original": "trained_models\\bb39af00-c7c4-43f4-b239-ce4d2627291d\\cross_validation_data\\bb39af00-c7c4-43f4-b239-ce4d2627291d_cv_predictions_original.csv",
    "scatter_plot": "trained_models\\bb39af00-c7c4-43f4-b239-ce4d2627291d\\cross_validation_data\\bb39af00-c7c4-43f4-b239-ce4d2627291d_cv_scatter_plot.png"
  },
  "cv_predictions": {
    "y_true_processed": "[ 0.46097687 -1.72912698 -0.71732462  0.21122818  1.63927835  0.84520561\n  0.79525588  1.74173935  0.78116749  1.23583817  1.53041354  0.28807393\n -0.78136274  0.55063024 -0.27033851  1.33189536  0.21122818 -1.77139215\n  0.48274983  0.05113287 -1.06441125 -0.89022756  0.35467358 -0.47013746\n -0.29595376  0.6851103  -2.60132624 -1.08874574  0.06609218  0.15359387\n -0.18580819  0.56984168  0.77476368  1.03731999 -0.01075357  0.32224467\n  1.55602879  1.07574286  0.06778278 -0.01418602  0.59033388  0.25733563\n -1.73040775  0.46738068 -0.55722931 -2.50398829  0.0639405   0.25605487\n  0.21635123 -0.54442168 -0.68530556 -1.36154815 -1.3974095 ]",
    "y_pred_processed": "[ 0.17950293 -0.85725796 -0.66973734  0.32628548  0.8412659  -0.01021852\n -0.3369439   0.70966786  0.17710438  0.4057206   1.0414612   0.33321536\n -0.22799605  0.6469704  -0.01210741  0.32727003  0.43505493 -0.18952371\n -0.01390563  0.69522446 -0.39956272 -0.7639253   0.17547187 -0.22250926\n  0.05215538  0.81096375 -0.7768916  -0.18041244 -0.3042146   0.11904266\n -0.084335    0.7817013   0.81000185  0.41357997 -0.78199446 -0.5720266\n  0.3521996   0.32392675  0.8647413  -0.01329454  0.5393244  -0.08510558\n -0.13266465  0.24532066  0.6306764  -0.8264519   0.31335017  0.4675467\n  0.6464492  -0.92686903 -1.2957435  -0.45971563 -0.6750508 ]",
    "y_true_original": "[1228.75  801.25  998.75 1180.   1458.75 1303.75 1294.   1478.75 1291.25\n 1380.   1437.5  1195.    986.25 1246.25 1086.   1398.75 1180.    793.\n 1233.   1148.75  931.    965.   1208.   1047.   1081.   1272.5   631.\n  926.25 1151.67 1168.75 1102.5  1250.   1290.   1341.25 1136.67 1201.67\n 1442.5  1348.75 1152.   1136.   1254.   1189.    801.   1230.   1030.\n  650.   1151.25 1188.75 1181.   1032.5  1005.    873.    866.  ]",
    "y_pred_original": "[1173.8074   971.43555 1008.0389  1202.4587  1302.981   1136.7744\n 1072.9989  1277.2936  1173.3391  1217.9642  1342.0583  1203.8114\n 1094.2651  1265.0552  1136.4058  1202.6509  1223.6902  1101.7748\n 1136.0547  1274.4742  1060.7759   989.6537  1173.0205  1095.336\n 1148.9496  1297.0662   987.12274 1103.5532  1079.3876  1162.0057\n 1122.3071  1291.3542  1296.8783  1219.4983   986.1267  1027.1116\n 1207.5171  1201.9983  1307.5632  1136.1741  1244.0431  1122.1567\n 1112.8734  1186.6547  1261.8748   977.4488  1199.9338  1230.0323\n 1264.9535   957.8477   885.84485 1049.0343  1007.0017 ]"
  }
}