{
  "models": {
    "041954f3-d94a-42fd-9e30-1c5de646eac8": {
      "model_id": "041954f3-d94a-42fd-9e30-1c5de646eac8",
      "model_name": "041954f3-d94a-42fd-9e30-1c5de646eac8",
      "model_path": "trained_models/10005/041954f3-d94a-42fd-9e30-1c5de646eac8/model.joblib",
      "task_type": "regression",
      "performance_metrics": {
        "MAE": {
          "scores": [
            0.09144317877101599,
            0.25444810909381416,
            0.18977472047077085,
            0.26787326007205126,
            0.2772248579167901
          ],
          "mean": 0.21615282526488847,
          "std": 0.06945448243788299,
          "min": 0.09144317877101599,
          "max": 0.2772248579167901
        },
        "MSE": {
          "scores": [
            0.014414543816503868,
            0.1009279284102024,
            0.0520257585245292,
            0.09775377907234115,
            0.10434903598982607
          ],
          "mean": 0.07389420916268054,
          "std": 0.03533739450696859,
          "min": 0.014414543816503868,
          "max": 0.10434903598982607
        },
        "R2": {
          "scores": [
            0.9784991334413953,
            0.8862919727127134,
            0.9613584062382964,
            0.883724203337773,
            0.8789853400084795
          ],
          "mean": 0.9177718111477315,
          "std": 0.04299350907627565,
          "min": 0.8789853400084795,
          "max": 0.9784991334413953
        }
      },
      "feature_names": [
        "SiO2",
        "CeO2",
        "lignin",
        "vinyl"
      ],
      "hyperparameters": {
        "n_estimators": 140,
        "max_depth": 8,
        "learning_rate": 0.05224427292497112,
        "subsample": 0.7770062988994653,
        "colsample_bytree": 0.7975834899659389,
        "colsample_bylevel": 0.6957358462320232,
        "reg_alpha": 0.0016370237686921822,
        "reg_lambda": 0.036880682382636656,
        "min_child_weight": 8,
        "gamma": 9.801959340802334e-06
      },
      "registered_at": "2025-12-02T02:43:23.263059",
      "file_exists": true
    },
    "47243e1c-7feb-4656-a5a5-cc14f4b09510": {
      "model_id": "47243e1c-7feb-4656-a5a5-cc14f4b09510",
      "model_name": "47243e1c-7feb-4656-a5a5-cc14f4b09510",
      "model_path": "trained_models/10005/47243e1c-7feb-4656-a5a5-cc14f4b09510/model.joblib",
      "task_type": "regression",
      "performance_metrics": {
        "MAE": {
          "scores": [
            0.09144317877101599,
            0.25444810909381416,
            0.18977472047077085,
            0.26787326007205126,
            0.2772248579167901
          ],
          "mean": 0.21615282526488847,
          "std": 0.06945448243788299,
          "min": 0.09144317877101599,
          "max": 0.2772248579167901
        },
        "MSE": {
          "scores": [
            0.014414543816503868,
            0.1009279284102024,
            0.0520257585245292,
            0.09775377907234115,
            0.10434903598982607
          ],
          "mean": 0.07389420916268054,
          "std": 0.03533739450696859,
          "min": 0.014414543816503868,
          "max": 0.10434903598982607
        },
        "R2": {
          "scores": [
            0.9784991334413953,
            0.8862919727127134,
            0.9613584062382964,
            0.883724203337773,
            0.8789853400084795
          ],
          "mean": 0.9177718111477315,
          "std": 0.04299350907627565,
          "min": 0.8789853400084795,
          "max": 0.9784991334413953
        }
      },
      "feature_names": [
        "SiO2",
        "CeO2",
        "lignin",
        "vinyl"
      ],
      "hyperparameters": {
        "n_estimators": 140,
        "max_depth": 8,
        "learning_rate": 0.05224427292497112,
        "subsample": 0.7770062988994653,
        "colsample_bytree": 0.7975834899659389,
        "colsample_bylevel": 0.6957358462320232,
        "reg_alpha": 0.0016370237686921822,
        "reg_lambda": 0.036880682382636656,
        "min_child_weight": 8,
        "gamma": 9.801959340802334e-06
      },
      "registered_at": "2025-12-07T23:20:59.163898",
      "file_exists": true
    },
    "75e68e2d-dd96-4fa9-93b4-a5cfc877ceac": {
      "model_id": "75e68e2d-dd96-4fa9-93b4-a5cfc877ceac",
      "model_name": "75e68e2d-dd96-4fa9-93b4-a5cfc877ceac",
      "model_path": "trained_models/10005/75e68e2d-dd96-4fa9-93b4-a5cfc877ceac/model.joblib",
      "task_type": "regression",
      "performance_metrics": {
        "MAE": {
          "scores": [
            0.09144317877101599,
            0.25444810909381416,
            0.18977472047077085,
            0.26787326007205126,
            0.2772248579167901
          ],
          "mean": 0.21615282526488847,
          "std": 0.06945448243788299,
          "min": 0.09144317877101599,
          "max": 0.2772248579167901
        },
        "MSE": {
          "scores": [
            0.014414543816503868,
            0.1009279284102024,
            0.0520257585245292,
            0.09775377907234115,
            0.10434903598982607
          ],
          "mean": 0.07389420916268054,
          "std": 0.03533739450696859,
          "min": 0.014414543816503868,
          "max": 0.10434903598982607
        },
        "R2": {
          "scores": [
            0.9784991334413953,
            0.8862919727127134,
            0.9613584062382964,
            0.883724203337773,
            0.8789853400084795
          ],
          "mean": 0.9177718111477315,
          "std": 0.04299350907627565,
          "min": 0.8789853400084795,
          "max": 0.9784991334413953
        }
      },
      "feature_names": [
        "SiO2",
        "CeO2",
        "lignin",
        "vinyl"
      ],
      "hyperparameters": {
        "n_estimators": 140,
        "max_depth": 8,
        "learning_rate": 0.05224427292497112,
        "subsample": 0.7770062988994653,
        "colsample_bytree": 0.7975834899659389,
        "colsample_bylevel": 0.6957358462320232,
        "reg_alpha": 0.0016370237686921822,
        "reg_lambda": 0.036880682382636656,
        "min_child_weight": 8,
        "gamma": 9.801959340802334e-06
      },
      "registered_at": "2025-12-08T16:30:36.279813",
      "file_exists": true
    },
    "db5f7af0-8a73-4005-a5a9-cfaf8b5752a9": {
      "model_id": "db5f7af0-8a73-4005-a5a9-cfaf8b5752a9",
      "model_name": "db5f7af0-8a73-4005-a5a9-cfaf8b5752a9",
      "model_path": "trained_models/10005/db5f7af0-8a73-4005-a5a9-cfaf8b5752a9/model.joblib",
      "task_type": "regression",
      "performance_metrics": {
        "MAE": {
          "scores": [
            0.27459077907689206,
            0.26384279718484954,
            0.257766776504904,
            0.2700949356549582,
            0.2599263586080752
          ],
          "mean": 0.2652443294059358,
          "std": 0.00627763340433548,
          "min": 0.257766776504904,
          "max": 0.27459077907689206
        },
        "MSE": {
          "scores": [
            0.152742440886022,
            0.14125735683504384,
            0.1340378112440367,
            0.15115934726993194,
            0.14618724087691223
          ],
          "mean": 0.14507683942238936,
          "std": 0.006832860737090587,
          "min": 0.1340378112440367,
          "max": 0.152742440886022
        },
        "R2": {
          "scores": [
            0.8619453171131517,
            0.8494707422631854,
            0.8626164444644304,
            0.8537280007997713,
            0.8452077581770878
          ],
          "mean": 0.8545936525635252,
          "std": 0.006833750623050856,
          "min": 0.8452077581770878,
          "max": 0.8626164444644304
        }
      },
      "feature_names": [
        "layer_thickness",
        "hatch_distance",
        "laser_power",
        "laser_velocity"
      ],
      "hyperparameters": {
        "n_estimators": 110,
        "max_depth": 9,
        "learning_rate": 0.15351410544118682,
        "subsample": 0.7171483033388761,