{
  "test_scores": {
    "MAE": {
      "scores": [
        0.09144317877101599,
        0.25444810909381416,
        0.18977472047077085,
        0.26787326007205126,
        0.2772248579167901
      ],
      "mean": 0.21615282526488847,
      "std": 0.06945448243788299,
      "min": 0.09144317877101599,
      "max": 0.2772248579167901
    },
    "MSE": {
      "scores": [
        0.014414543816503868,
        0.1009279284102024,
        0.0520257585245292,
        0.09775377907234115,
        0.10434903598982607
      ],
      "mean": 0.07389420916268054,
      "std": 0.03533739450696859,
      "min": 0.014414543816503868,
      "max": 0.10434903598982607
    },
    "R2": {
      "scores": [
        0.9784991334413953,
        0.8862919727127134,
        0.9613584062382964,
        0.883724203337773,
        0.8789853400084795
      ],
      "mean": 0.9177718111477315,
      "std": 0.04299350907627565,
      "min": 0.8789853400084795,
      "max": 0.9784991334413953
    }
  },
  "train_scores": {
    "MAE": {
      "scores": [
        0.14340642128505396,
        0.12630131350566348,
        0.14247746275208562,
        0.12029047992360228,
        0.11448660711750808
      ],
      "mean": 0.12939245691678267,
      "std": 0.011680702770262709,
      "min": 0.11448660711750808,
      "max": 0.14340642128505396
    },
    "MSE": {
      "scores": [
        0.03207972670942625,
        0.025905973682743905,
        0.034479374190355516,
        0.02545473038730598,
        0.022876684595476385
      ],
      "mean": 0.02815929791306161,
      "std": 0.004372900299563572,
      "min": 0.022876684595476385,
      "max": 0.034479374190355516
    },
    "R2": {
      "scores": [
        0.9699238075958667,
        0.9744526513068882,
        0.9602011095033346,
        0.9751620492570814,
        0.977201241014011
      ],
      "mean": 0.9713881717354365,
      "std": 0.006078152428952506,
      "min": 0.9602011095033346,
      "max": 0.977201241014011
    }
  },
  "fit_times": "[0.07508492 0.07751489 0.08804464 0.06010103 0.07946897]",
  "score_times": "[0.00063205 0.00042129 0.00069308 0.00054097 0.00044799]",
  "timing": {
    "fit_time_mean": 0.07604289054870605,
    "fit_time_std": 0.009088535402634015,
    "score_time_mean": 0.0005470752716064453,
    "score_time_std": 0.00010413162829902176
  },
  "task_type": "regression",
  "cv_folds": 5,
  "data_shape": [
    53,
    4
  ],
  "y_true": "[-1.36697217 -1.46719303 -0.58524947  0.69089613  0.07620819 -1.03958403\n -1.50059998  1.31226545 -0.26454273  0.93810758 -0.11087074 -0.83914231\n -0.75228424 -0.72555868  0.02275707  0.2833313   1.09846095 -1.35360939\n  1.11182373 -0.59861225 -1.30683965 -0.84582371  0.76439142 -0.4248961\n -0.53179835  1.57952107 -1.44714886 -1.50728137 -0.58524947 -0.30463107\n -0.73224007  1.42584909  0.61071944 -0.46498444 -1.06630959  0.90470062\n  0.57063109  0.82452394  0.22319879  1.35903518  1.35235379 -0.73224007\n -0.83246092 -0.35808219 -0.13759631 -1.4137419   1.43921187  0.10961515\n  0.83120533  1.85452711  1.46286399  0.84710704  1.6022378 ]",
  "y_pred_cv": "[-1.4263879  -1.3201593  -0.28405774  0.79638815  0.1352401  -1.0456176\n -1.1988922   0.9607403  -0.35096508  1.0484147  -0.32447824 -0.91995746\n -0.68175924 -0.630985    0.6661972  -0.19784145  1.2976764  -1.1287348\n  1.3976125  -0.34310052 -1.4830511  -0.95048076  0.6871217  -0.26853794\n -0.75214386  1.2643307  -0.84790313 -1.4517508  -0.8891376  -0.12372423\n -1.2033697   1.2542381   0.68985254 -0.3798909  -0.89288497  0.6074833\n  0.4703798   0.771239   -0.0083018   1.029339    0.8982701  -0.72110975\n -0.91848266 -0.3452237   0.06514064 -0.7593193   1.2448525   0.0517527\n  1.0004593   1.318064    1.3749839   1.3033428   1.4418706 ]",
  "y_pred_proba_cv": null,
  "saved_files": {
    "original_data": "trained_models/5e1a066a-1aa9-4648-b34a-dcdbf0dd227c/cross_validation_data/5e1a066a-1aa9-4648-b34a-dcdbf0dd227c_original_data.csv",
    "preprocessed_data": "trained_models/5e1a066a-1aa9-4648-b34a-dcdbf0dd227c/cross_validation_data/5e1a066a-1aa9-4648-b34a-dcdbf0dd227c_preprocessed_data.csv",
    "cv_predictions_processed": "trained_models/5e1a066a-1aa9-4648-b34a-dcdbf0dd227c/cross_validation_data/5e1a066a-1aa9-4648-b34a-dcdbf0dd227c_cv_predictions_processed.csv",
    "cv_predictions_original": "trained_models/5e1a066a-1aa9-4648-b34a-dcdbf0dd227c/cross_validation_data/5e1a066a-1aa9-4648-b34a-dcdbf0dd227c_cv_predictions_original.csv",
    "scatter_plot": "trained_models/5e1a066a-1aa9-4648-b34a-dcdbf0dd227c/cross_validation_data/5e1a066a-1aa9-4648-b34a-dcdbf0dd227c_cv_scatter_plot.png"
  },
  "cv_predictions": {
    "y_true_processed": "[-1.36697217 -1.46719303 -0.58524947  0.69089613  0.07620819 -1.03958403\n -1.50059998  1.31226545 -0.26454273  0.93810758 -0.11087074 -0.83914231\n -0.75228424 -0.72555868  0.02275707  0.2833313   1.09846095 -1.35360939\n  1.11182373 -0.59861225 -1.30683965 -0.84582371  0.76439142 -0.4248961\n -0.53179835  1.57952107 -1.44714886 -1.50728137 -0.58524947 -0.30463107\n -0.73224007  1.42584909  0.61071944 -0.46498444 -1.06630959  0.90470062\n  0.57063109  0.82452394  0.22319879  1.35903518  1.35235379 -0.73224007\n -0.83246092 -0.35808219 -0.13759631 -1.4137419   1.43921187  0.10961515\n  0.83120533  1.85452711  1.46286399  0.84710704  1.6022378 ]",
    "y_pred_processed": "[-1.4263879  -1.3201593  -0.28405774  0.79638815  0.1352401  -1.0456176\n -1.1988922   0.9607403  -0.35096508  1.0484147  -0.32447824 -0.91995746\n -0.68175924 -0.630985    0.6661972  -0.19784145  1.2976764  -1.1287348\n  1.3976125  -0.34310052 -1.4830511  -0.95048076  0.6871217  -0.26853794\n -0.75214386  1.2643307  -0.84790313 -1.4517508  -0.8891376  -0.12372423\n -1.2033697   1.2542381   0.68985254 -0.3798909  -0.89288497  0.6074833\n  0.4703798   0.771239   -0.0083018   1.029339    0.8982701  -0.72110975\n -0.91848266 -0.3452237   0.06514064 -0.7593193   1.2448525   0.0517527\n  1.0004593   1.318064    1.3749839   1.3033428   1.4418706 ]",
    "y_true_original": "[1.32   1.17   2.49   4.4    3.48   1.81   1.12   5.33   2.97   4.77\n 3.2    2.11   2.24   2.28   3.4    3.79   5.01   1.34   5.03   2.47\n 1.41   2.1    4.51   2.73   2.57   5.73   1.2    1.11   2.49   2.91\n 2.27   5.5    4.28   2.67   1.77   4.72   4.22   4.6    3.7    5.4\n 5.39   2.27   2.12   2.83   3.16   1.25   5.52   3.53   4.61   6.1416\n 5.5554 4.6338 5.764 ]",
    "y_pred_original": "[1.2310729 1.3900645 2.940792  4.5578895 3.5683527 1.8009696 1.5715643\n 4.8038745 2.8406522 4.9350963 2.8802948 1.9890444 2.3455544 2.421548\n 4.3630333 3.0698314 5.3081646 1.6765685 5.4577384 2.852423  1.1462653\n 1.9433603 4.394351  2.9640205 2.24021   5.2582564 2.0968878 1.1931124\n 2.0351725 3.1807623 1.5648628 5.2431507 4.398438  2.797359  2.0295637\n 4.2751565 4.0699544 4.520249  3.3535144 4.9065456 4.7103753 2.2866588\n 1.9912517 2.8492453 3.4634352 2.2294707 5.2291036 3.4433975 4.863322\n 5.338679  5.4238706 5.3166456 5.523979 ]"
  }
}