{
  "test_scores": {
    "MAE": {
      "scores": [
        0.2009758230118016,
        0.2548546629161858,
        0.2406079793085486,
        0.23511204044383477,
        0.2084924511994871
      ],
      "mean": 0.22800859137597157,
      "std": 0.020206758349110107,
      "min": 0.2009758230118016,
      "max": 0.2548546629161858
    },
    "MSE": {
      "scores": [
        0.0603737913781879,
        0.09371576951858235,
        0.08996145882823249,
        0.09006739916934635,
        0.0656166275899648
      ],
      "mean": 0.07994700929686278,
      "std": 0.014005434289503184,
      "min": 0.0603737913781879,
      "max": 0.09371576951858235
    },
    "R2": {
      "scores": [
        0.9289260261562119,
        0.8991612075443435,
        0.9211986559062908,
        0.7885758707883366,
        0.9479528427933998
      ],
      "mean": 0.8971629206377164,
      "std": 0.056500209168132004,
      "min": 0.7885758707883366,
      "max": 0.9479528427933998
    }
  },
  "train_scores": {
    "MAE": {
      "scores": [
        0.0034150877901876994,
        0.007491824935396766,
        0.006666125311551229,
        0.007323893850844064,
        0.009904421192331212
      ],
      "mean": 0.006960270616062194,
      "std": 0.002085072526127711,
      "min": 0.0034150877901876994,
      "max": 0.009904421192331212
    },
    "MSE": {
      "scores": [
        1.866478823074338e-05,
        8.863735741697124e-05,
        0.00023073861649896258,
        0.0002409210880677092,
        0.00016028017198812042
      ],
      "mean": 0.00014784840444050136,
      "std": 8.471388944403127e-05,
      "min": 1.866478823074338e-05,
      "max": 0.0002409210880677092
    },
    "R2": {
      "scores": [
        0.9999819263930035,
        0.9999128603382036,
        0.9997603155099449,
        0.9997817244161035,
        0.9998140832563465
      ],
      "mean": 0.9998501819827205,
      "std": 8.40841308321204e-05,
      "min": 0.9997603155099449,
      "max": 0.9999819263930035
    }
  },
  "fit_times": "[0.07849622 0.0783329  0.07633471 0.07680511 0.07758904]",
  "score_times": "[0.00073791 0.00058722 0.00046897 0.0004878  0.00057292]",
  "timing": {
    "fit_time_mean": 0.0775115966796875,
    "fit_time_std": 0.0008407358164767904,
    "score_time_mean": 0.0005709648132324219,
    "score_time_std": 9.534792700630167e-05
  },
  "task_type": "regression",
  "cv_folds": 5,
  "data_shape": [
    53,
    4
  ],
  "y_true": "[[-1.56379271]\n [-1.57473265]\n [-0.52449806]\n [ 0.43821699]\n [-0.06502042]\n [-0.73235699]\n [-1.43251338]\n [ 1.31341249]\n [-0.1853598 ]\n [ 0.78829519]\n [ 0.05531896]\n [-1.11525502]\n [-0.56825783]\n [-0.80893659]\n [ 0.47103682]\n [ 0.05531896]\n [ 0.50385665]\n [-0.85269637]\n [ 0.64607592]\n [-0.59013772]\n [-1.44345333]\n [-0.63389749]\n [ 0.98521418]\n [-0.21817963]\n [-0.17441986]\n [ 1.51033147]\n [-1.33405389]\n [-1.67319215]\n [-0.3603989 ]\n [-0.02126065]\n [-0.76517682]\n [ 0.56949631]\n [ 0.18659829]\n [-0.03220059]\n [-0.80893659]\n [ 0.21941812]\n [ 0.03343907]\n [ 0.88675468]\n [-0.0103207 ]\n [ 0.96333429]\n [ 0.32881755]\n [-0.80893659]\n [-0.7104771 ]\n [-0.63389749]\n [ 0.18659829]\n [-1.312174  ]\n [ 1.03991389]\n [ 0.46009688]\n [ 0.46009688]\n [ 2.21048787]\n [ 2.3417672 ]\n [ 2.12296832]\n [ 2.17766804]]",
  "y_pred_cv": "[-1.4300355  -1.4057382  -0.41727605  0.7841986   0.07009923 -0.75493306\n -1.4892838   1.3749602  -0.38021186  0.3775012  -0.22264123 -0.86209303\n -0.5289312  -0.4134944   0.5678877  -0.36155435  0.41281885 -1.2959516\n  0.44599038 -0.5249228  -1.3286633  -0.6355964   0.5558263  -0.18741705\n -0.42849842  1.2285664  -1.0475975  -1.4500351  -0.6961412   0.06208486\n -0.3782303   0.4703303  -0.03838487 -0.5253309  -0.8523859   0.48053774\n  0.01181023  0.2978521   0.00730273  0.30467457  0.68841434 -0.8739477\n -0.6215265  -0.39308482 -0.0218615  -0.8706254   1.1265274   0.22778833\n  1.0789686   2.3357968   2.2059453   1.6798266   1.8808635 ]",
  "y_pred_proba_cv": null,
  "saved_files": {},
  "cv_predictions": {
    "y_true_processed": "[[-1.56379271]\n [-1.57473265]\n [-0.52449806]\n [ 0.43821699]\n [-0.06502042]\n [-0.73235699]\n [-1.43251338]\n [ 1.31341249]\n [-0.1853598 ]\n [ 0.78829519]\n [ 0.05531896]\n [-1.11525502]\n [-0.56825783]\n [-0.80893659]\n [ 0.47103682]\n [ 0.05531896]\n [ 0.50385665]\n [-0.85269637]\n [ 0.64607592]\n [-0.59013772]\n [-1.44345333]\n [-0.63389749]\n [ 0.98521418]\n [-0.21817963]\n [-0.17441986]\n [ 1.51033147]\n [-1.33405389]\n [-1.67319215]\n [-0.3603989 ]\n [-0.02126065]\n [-0.76517682]\n [ 0.56949631]\n [ 0.18659829]\n [-0.03220059]\n [-0.80893659]\n [ 0.21941812]\n [ 0.03343907]\n [ 0.88675468]\n [-0.0103207 ]\n [ 0.96333429]\n [ 0.32881755]\n [-0.80893659]\n [-0.7104771 ]\n [-0.63389749]\n [ 0.18659829]\n [-1.312174  ]\n [ 1.03991389]\n [ 0.46009688]\n [ 0.46009688]\n [ 2.21048787]\n [ 2.3417672 ]\n [ 2.12296832]\n [ 2.17766804]]",
    "y_pred_processed": "[-1.4300355  -1.4057382  -0.41727605  0.7841986   0.07009923 -0.75493306\n -1.4892838   1.3749602  -0.38021186  0.3775012  -0.22264123 -0.86209303\n -0.5289312  -0.4134944   0.5678877  -0.36155435  0.41281885 -1.2959516\n  0.44599038 -0.5249228  -1.3286633  -0.6355964   0.5558263  -0.18741705\n -0.42849842  1.2285664  -1.0475975  -1.4500351  -0.6961412   0.06208486\n -0.3782303   0.4703303  -0.03838487 -0.5253309  -0.8523859   0.48053774\n  0.01181023  0.2978521   0.00730273  0.30467457  0.68841434 -0.8739477\n -0.6215265  -0.39308482 -0.0218615  -0.8706254   1.1265274   0.22778833\n  1.0789686   2.3357968   2.2059453   1.6798266   1.8808635 ]"
  }
}