{
  "feature_0": 8.550149917602539,
  "feature_1": 6.206658363342285,
  "feature_2": 2.688296318054199,
  "feature_3": 1.3089979887008667,
  "feature_4": 0.9115743041038513,
  "feature_7": 0.8708173036575317,
  "feature_6": 0.7404681444168091,
  "feature_5": 0.6378214359283447
}