{
  "test_scores": {
    "MAE": {
      "scores": [
        0.5222099740421802,
        0.47302569417471413,
        0.7024504774547903,
        0.504593721087549,
        0.47343691429908785
      ],
      "mean": 0.5351433562116643,
      "std": 0.08574207171472766,
      "min": 0.47302569417471413,
      "max": 0.7024504774547903
    },
    "MSE": {
      "scores": [
        0.5474719703175535,
        0.5382511922356912,
        1.2330012564491017,
        0.5233409392966423,
        0.34884787789277005
      ],
      "mean": 0.6381826472383517,
      "std": 0.306244061854273,
      "min": 0.34884787789277005,
      "max": 1.2330012564491017
    },
    "R2": {
      "scores": [
        0.9132640073401016,
        0.8949026320405886,
        0.8232340093896383,
        0.9101742342387222,
        0.9417799478477661
      ],
      "mean": 0.8966709661713633,
      "std": 0.03972052647830199,
      "min": 0.8232340093896383,
      "max": 0.9417799478477661
    }
  },
  "train_scores": {
    "MAE": {
      "scores": [
        0.15195556657776021,
        0.14966661056123304,
        0.14061635931549968,
        0.15378647864038847,
        0.16504922165747554
      ],
      "mean": 0.15221484735047136,
      "std": 0.007852093360553506,
      "min": 0.14061635931549968,
      "max": 0.16504922165747554
    },
    "MSE": {
      "scores": [
        0.10511050351027355,
        0.09665499828194182,
        0.055606288809483595,
        0.09892126441065507,
        0.11785394902362747
      ],
      "mean": 0.0948294008071963,
      "std": 0.02094926997313371,
      "min": 0.055606288809483595,
      "max": 0.11785394902362747
    },
    "R2": {
      "scores": [
        0.9826283527340551,
        0.9847771354777299,
        0.9904618531116031,
        0.9839468854058293,
        0.9807102424522497
      ],
      "mean": 0.9845048938362935,
      "std": 0.0032799889744422415,
      "min": 0.9807102424522497,
      "max": 0.9904618531116031
    }
  },
  "fit_times": "[0.15539718 0.15308499 0.15535688 0.15585804 0.15632486]",
  "score_times": "[0.00086284 0.00085115 0.00073719 0.00073695 0.0007472 ]",
  "timing": {
    "fit_time_mean": 0.1552043914794922,
    "fit_time_std": 0.0011166899396371827,
    "score_time_mean": 0.0007870674133300781,
    "score_time_std": 5.73350632894273e-05
  },
  "task_type": "regression",
  "cv_folds": 5,
  "data_shape": [
    200,
    8
  ],
  "y_true": "[  2.1575949   -2.12575428  -3.71174003  -2.14315399   1.80308043\n   0.94169814   3.48780634  -0.49447435  -0.1335487   -4.29307824\n   0.02264041  -1.6174851    0.22268325   0.62489064  -3.65587531\n   3.96713596  -0.23557035  -0.87703894  -2.08130203  -1.57343286\n  -2.43799144  -0.46035441  -1.45804916  -1.22799929   2.73826539\n   1.16498435  -3.99635195  -1.42604948  -2.84240349   3.05915255\n  -0.70074715   2.10545167   4.11841727   2.34642118   1.6309245\n   0.09094264   1.08612268   2.21978872   0.83311873   1.37449915\n  -0.72318203   0.1679697   -1.01565197  -2.82562094   1.53301591\n  -1.18407923   1.50516007   3.07755413  -0.78886137  -4.3258988\n  -2.21354033  -0.26658808   3.91192372  -1.3636354   -0.35716459\n  -0.89305681   0.81433196   0.66827971   0.72472972  -3.72544231\n   0.08506902   2.47762191  -3.1165043   -1.36449163   0.77834916\n  -4.51505706   1.78840767  -0.56250422  -3.26314003   2.15512526\n  -1.95835199  -2.73333016  -1.56398727  -0.72328142   1.2960311\n   3.96736927  -5.17297399  -0.26575615   3.22360793  -1.02499673\n  -3.79334464   0.30853622   0.08883571  -1.30568486  -1.60547223\n   2.98288588   0.76808925   3.23280335  -4.49184971  -1.41355004\n   2.3839564   -0.09638827   0.7618433    1.91213432  -3.48937573\n   0.87885219  -3.67517857  -1.02411601   0.35469234   1.92733934\n   2.62391175   3.62092528  -0.35140221  -1.85331207  -0.77308681\n  -1.91873712  -1.07688272  -2.43374518  -0.32825907  -1.24783055\n   5.88257279   0.31478413  -0.05144717  -0.46672336  -1.91347534\n   3.57432262   3.38305898  -3.06013336   3.94135377  -4.44280658\n  -0.28705463   1.93806012   1.76608954   3.25780603  -0.45054836\n   1.37398182   3.96155704  -0.62522954   2.90374175   0.09711756\n   4.8852273    0.46630289  -1.48844781   0.23680784   2.80701279\n   0.03066758  -0.39737544   3.8847998    4.04544974   1.39749739\n   0.58814419  -0.25464048   4.9156298   -1.56235972   2.23053314\n -10.01666599   0.69840541  -4.31024445  -4.22483475  -2.72455615\n   0.8850615   -6.56475027  -1.85561296  -0.36795898  -4.14621246\n  -1.08529084   3.30243332   2.23116351   2.26036808  -0.56552818\n   1.51328065   2.15557817   2.59153134   2.28033431   1.53382462\n  -0.67601247  -1.51195909  -1.05010597   2.37593477  -1.23917975\n  -1.09145309   0.98530037  -2.89695696   2.56455901   3.51087129\n  -1.86655403   0.89913725   1.08255962   2.13098947   2.47739765\n  -0.81931233   3.19407911   2.01823024  -0.51358385  -0.71525717\n   3.11993752  -4.65013642   3.23225027   1.2150918    1.39753653\n   0.91238454   0.2954071    0.01262606  -2.54862228  -0.56529844\n  -0.67129259  -2.10429317  -5.88772424  -0.0433798   -2.67391665]",
  "y_pred_cv": "[ 1.4707875  -1.7312164  -3.172251   -1.3052969   1.924253    1.619638\n  2.6603682  -0.31714046 -0.3769316  -2.9852483   0.60333484 -1.3138083\n  0.34978667  0.19572742 -1.9644524   2.7933762   0.3580915  -1.0112798\n -2.1962888  -1.1237664  -2.1889403   0.00793242 -2.9915621  -0.59239537\n  2.4349418   0.71001923 -0.7916246  -0.94243467 -2.5115602   2.3308516\n -0.6331106   1.6537579   3.4861643   1.7750012   1.1576269   0.12827562\n  1.2626367   2.3100557   0.73546606  2.1356802  -0.9644424  -0.05915821\n -0.35683456 -2.1702397   1.8427836  -2.1455894   1.8325714   2.231529\n -0.66301286 -4.4638944  -2.0445142  -0.22027132  3.2629235  -1.2106597\n -0.03108814  0.21536562  1.2824947   0.70603335  0.36381033 -3.7626784\n  0.57277685  1.5105362  -2.2481961  -1.1426938   0.1364654  -3.6456685\n  2.1087213  -0.5837508  -0.7225878   2.5872014  -0.8370486  -2.1758494\n -1.9961886   0.03379133  1.0073466   3.623049   -4.291971   -0.52902883\n  2.3414242  -1.1887425  -3.6729243   0.26460722  0.6843293  -0.5402155\n -1.3564205   2.9990041   0.9469314   3.2090306  -4.349736   -0.9759513\n  1.0897018  -0.38506043  0.8340706   2.307824   -3.3899095  -0.6571179\n -3.0918293  -1.0438813  -0.04753889  2.3982544   2.6832192   3.5068476\n  0.10033609 -1.6287601  -0.5709212  -2.4381204  -0.16271271 -1.7536618\n -0.6923152  -2.4206564   3.0210168  -0.20816484 -0.16732183 -0.673737\n -2.0292354   3.2688818   2.4555142  -2.4345636   2.6507127  -3.818057\n -0.9607464   1.5748007   0.4390136   2.8223882  -0.29603872  1.6865286\n  3.6130726  -1.0321022   2.8904212  -0.23220018  3.7869313   0.4316711\n -1.3515972   1.0059276   2.9387412  -0.28343916 -0.43653086  2.3421867\n  3.5464654   1.3098093   0.70266753 -0.2983088   4.0811224  -1.6877393\n  2.481741   -5.114469   -0.11878394 -3.8989174  -3.761927   -2.028987\n  0.8837965  -5.7281523  -2.0643837   0.2180931  -2.7527483  -1.2168063\n  3.371494    1.5547233   1.9749204  -1.4118959   0.99928606 -0.9252664\n  2.3549588   2.0246713   1.5427718  -0.5122469  -1.7538556  -1.0286665\n  2.8835335  -1.1723088  -1.3335034   0.60978216 -2.8663564   2.3373954\n  3.0421584  -1.3307494   0.7324603   1.0436802   0.58337015  2.9328146\n -1.1547446   2.629184    2.1343005  -0.15942669 -0.66347873  1.9444633\n -4.091075    1.8961205   0.9440352   0.5147525   0.82260484  0.6766164\n  0.92065847 -1.8550277  -0.12547565 -0.10106301 -2.4602728  -5.2853518\n -0.22038865 -1.5143955 ]",
  "y_pred_proba_cv": null,
  "saved_files": {},