{
  "SiO2": {
    "weight": 178.0,
    "gain": 0.6718847155570984,
    "cover": 28.258426666259766,
    "sklearn_gain": 0.6781097650527954,
    "permutation_mean": 1.2007594839273428,
    "permutation_std": 0.13841162030118814
  },
  "CeO2": {
    "weight": 176.0,
    "gain": 0.19380836188793182,
    "cover": 27.386363983154297,
    "sklearn_gain": 0.19560401141643524,
    "permutation_mean": 0.10854888125012555,
    "permutation_std": 0.02874718748839564
  },
  "Lignin": {
    "weight": 166.0,
    "gain": 0.04840579628944397,
    "cover": 29.554216384887695,
    "sklearn_gain": 0.0488542802631855,
    "permutation_mean": 0.04233878976292491,
    "permutation_std": 0.0030743841686095602
  },
  "2-VN": {
    "weight": 137.0,
    "gain": 0.07672110944986343,
    "cover": 28.65693473815918,
    "sklearn_gain": 0.07743193209171295,
    "permutation_mean": 0.04581799982932781,
    "permutation_std": 0.0056056576326399205
  }
}